x,y
8.687553878216791,15.860260347389064
-12.261161729956491,-19.57104774304205
-9.947099431549464,-11.164923173716506
6.940943689697975,6.039267835781125
-7.423894064255143,-6.615448348673947
-16.521522767069698,-12.660839984840056
3.951235051558449,7.298382467522709
-3.092084309706628,-4.98685986822085
17.92347418126615,15.037031724416137
-7.9545844154070675,-14.201295344572149
8.761347594184214,10.610325917740717
-11.642997164230245,-14.3492720597429
5.465801463791534,4.490821426214498
-2.697948096496316,12.402131766816868
10.122095172051246,18.120952520309054
7.166608553389234,10.997572942642812
0.2772330173355564,-4.088755659606114
8.301115704294098,9.231201018111191
6.393826195048149,7.29734896557805
-4.422669851703945,-7.401638889864361
-7.776593792360682,-9.128073601444916
-6.036211813804947,-3.558388200272297
-14.662106678629872,-2.0458252749568304
9.813326069138313,12.270996025026673
-16.619735270960774,-21.979974728425645
-2.031731075435991,-2.732518236018185
-3.085115125782328,2.080798636923941
5.86280281733242,9.509786293082144
2.5098345969314684,4.512034118235372
14.724409473251988,13.084128537291544
10.37557451204023,0.3579828293902802
-6.696757002302981,-12.098246392138313
7.617368008979987,5.516026662472447
7.762929762221719,9.286540586446456
6.103438128398831,11.419290253350848
-9.203926601240084,-16.207054958569312
-11.317333235126018,-6.881803014054126
5.3501300753205125,5.53281560413005
11.721866641702809,20.34635466114388
-10.001043353602023,-13.34616072347372
-0.9939317923204448,-14.596016885204545
5.44230170060465,-1.5966496711065374
9.95956503146155,10.22032441417047
-5.906674072145521,-7.408976923123462
11.239226130758992,13.151846070414097
7.429361236256102,13.720324446059552
-8.66806005993215,-10.336339635128834
1.4238737798860344,0.3084578098852314
5.223216840072368,8.072091610245431
-16.51809082744704,-16.53525052556033
11.25735623322113,9.199494021552514
9.193280895005897,9.623405781732604
9.499329563667349,11.252092623163747
8.365257381952466,13.579431733214667
2.7669814231920946,12.265271521265763
-3.910775982294643,-6.470245329341149
-5.481379330660255,-9.53042846491969
8.772128501501253,7.897892389139191
18.821673438648904,17.16397876648088
-10.60455227270593,-18.25002991353825
8.029609851259114,7.15070674633663
-13.737095109918336,-21.62525526973696
8.459275664430875,9.72354027541563
13.91568248558564,10.297527154927655
17.34618568989615,9.105863063449371
10.26324096386993,6.661810202569168
8.89115443159629,8.36835999285442
-4.597150667477019,-3.950225190838752
8.837576010589638,8.744574149111283
-2.217837672601889,-3.7542553443800655
-7.233071388364425,-12.697140385105856
-9.838070098306265,-9.449215223633615
-17.9801097419322,-14.735309311581862
-7.03038503956271,-7.323746367516487
4.644235805438114,5.687518525410328
6.660515026470203,3.671897452478333
7.0762869128573005,9.873935848423608
-7.010800648858481,-9.505469051820787
7.7198775455328095,6.275064023498528
7.650868557031364,8.451925110054685
-7.898488312220331,-5.317891688417983
-6.509068439017909,-11.089991317625143
8.970490090747665,10.240393735174065
10.539873837839911,9.994522469265371
15.698121164606794,2.413327073206971
13.192051419454044,7.335598368678411
8.409637431829715,7.449367205999904
8.24571691244611,8.897095959688171
5.136623633002346,6.930027031702768
-12.566868025063814,-13.399763998259347
-9.7680720642605,1.1980184126222966
-12.013885034355887,3.945018295814848
3.6887351554607255,2.0111202260710046
9.22871111918971,9.120810784548388
8.439018093720609,12.468588889775342
9.685822155504068,-8.26671246198282
3.0030139057178795,3.556700123921003
-1.1756389471474034,-2.0341777795198164
-3.218750495364274,-5.6617537071462
-3.7143488108972647,-14.196773590582168
6.268887522888925,8.359234452970027
2.417424416647773,8.331655398048005
7.8733146166293775,10.109479496446498
2.8084677153414748,-6.3170106052969
9.49197061281406,10.753218623109351
9.947938984718585,8.644066021698928
11.482160356922334,10.358139738416313
18.16816182968597,21.435719874500617
10.539803741986848,16.491385791410373
11.394993932021109,12.03154669805577
6.670091670495832,8.992513135516756
-17.272060760175883,-17.56463846513205
-4.74684370950976,-8.284919344639938
10.845783790887406,7.933069655800026
9.715745853278966,8.470161629233957
9.076791139027554,9.500694335247832
-15.325043704869506,-21.31476786008668
8.663693619702558,9.399824419445132
-15.97839975362918,-2.616847486233943
8.067651927066667,9.74574812764882
7.788774542929115,10.377303398393307
7.65550262170037,8.670603472432925
-9.560028717383798,-16.387064132978328
-11.63946418093077,-17.06823202772881
6.546150811856835,6.767641890818661
7.091816631056839,7.986101781170925
9.272972540179753,8.768133362007736
-10.630933016421093,-2.772329306132128
2.347407815793044,-2.954929576112169
7.697579360657065,7.045399340890812
-1.74664396317784,-0.6895161355760941
6.94157303463033,5.59520871741452
0.0294441914286967,-1.7215854256585137
5.516385051285632,4.897030846300043
5.130532996220273,9.856408104038511
10.430803564125004,9.31317422352647
7.425432323447357,12.1245576159729
-5.807138238700398,11.166000637025231
6.04120047799049,6.89229930616191
-8.964359158018464,-12.224394108099212
-15.010075534637895,-15.19480814971534
6.300060754426691,-13.282069974466316
2.910274501192249,5.2901126712097
10.065419124630694,5.561540766263573
7.230877148377868,7.448009834945021
7.214537713760993,2.5736649103698213
-7.3466497072592,-8.321693828185468
-6.902898925443821,-4.781349143297359
8.818568195796459,9.533531133247436
8.797707982639809,9.68228390859117
8.92641472910985,8.15498359106687
-10.43022719091164,-5.132742625312542
-17.685380903693623,-19.1590250948865
-10.190664179982871,-11.081721777143336
-17.33114965586213,-8.651910561808396
8.237476823390276,7.157648092991147
-15.166880666519564,-22.431153688725608
12.020760809298917,4.353413628594318
11.63294165213583,6.570135266649025
10.620380375038469,4.564619408299665
8.597281279028842,7.659062043033209
9.334408059369132,9.430853448535435
9.207131052261444,8.912437137546096
8.336173721189166,7.815659127676852
9.466629008469964,7.910431943781752
6.307214256460514,9.125636298138684
7.430914841125953,6.113007784390431
11.621750118690011,12.83261426204216
-12.35435868173257,-10.432356635367448
-9.677577627401035,-10.480039981927185
-13.893549169218618,-21.051021847473056
-16.492676693042238,-7.42464009872048
-1.7314803999446755,-2.7171675660247394
1.1667053353442294,1.818644586960859
-9.040163045416891,5.482314183345925
-9.885676572327528,8.559425936602324
10.505702842335864,8.076805826834711
-4.70367804331871,-0.1998881565691119
-2.2173760845692594,-1.3001711762606578
16.928485673350636,2.9221212340299205
-2.831401199789139,-4.654580256077048
-14.86460838790589,-20.040490721644726
-13.7814082130277,-12.828821402695448
6.342024602305648,11.778707772057915
8.19056178261272,10.077050686705109
-8.485402733712961,-7.448131210796078
-5.764144252407712,-10.427208001884054
7.8688832279176335,8.026630624040166
13.44676424559102,22.266490713680245
7.671033723148206,6.521305894957145
6.236233610912263,6.170465950905965
4.620664534751301,8.575316642583129
8.518175083029847,11.28038198946386
9.305190856680762,11.845866918968522
8.002407713910634,9.092201410511343
7.2734441478821505,7.060130521653684
7.33043161196022,8.897579508420513
7.049470715322894,10.745989853354002
4.230949929050308,6.524564891383284
8.974623167830082,9.196559853897693
10.207277696005296,8.547864059225653
-7.373175156522657,-12.971145648711788
9.835895730679248,-2.480015094582149
14.127212785486492,-4.5084663657773145
6.692707277728654,7.487173378690312
-2.051932373241074,2.0625701628854425
-0.0990765962960402,1.77556901968373
-10.541893961474342,-16.029745058756475
-12.725217750290378,-17.70829840725319
-10.670066827576363,-13.827207093274266
-7.777054880270047,-13.962517803633489
-8.498845598388389,-13.4273387329716
-13.59642778432546,-19.937330802227606
-11.55100088729024,-18.324979338506164
9.26505444831026,10.506637714824343
-10.384645802202524,-13.001589994745274
-7.91690896079083,-9.35148937890304
5.067060206605646,8.413756274959821
11.23314870017019,12.656458088735446
7.324547485555882,7.395012910141735
14.731937918071855,25.67445883299797
7.236443715407077,10.05215048231387
-17.01151384183056,-12.153636372629038
-7.764743198786363,-5.778686530372687
-2.2758301801832,-4.447250603335048
5.513689700795227,4.623093199356813
9.237960734208963,8.915050522721012
-5.630534186075916,-8.509028449032984
7.896067965597591,12.488108900797792
-10.64419025249539,-9.074839385331977
2.9711644757206166,-4.828223523835413
3.18680543516143,5.053101823494318
11.40029577876618,15.994574347902782
9.578633529828972,5.302736462450287
4.379074153029417,6.470012878803788
-5.232686878595628,-1.8740459095586608
-7.723583915714941,-11.049558789930344
2.1177774938465785,9.804370093220395
-13.26813647723829,-12.954246186354844
-19.00383929517681,-25.44362379958072
-9.028999209441306,-15.099956468273495
-9.50452187765007,-10.027575420029065
11.383802472568828,9.223366311884192
-8.807856040682747,-7.344777867367914
9.319631663926836,11.972783805443685
7.503583822130416,14.843667234182533
12.040665628314583,-0.8004667568381327
8.998465783352806,9.580213333270642
6.087115492955035,8.568761665128807
-6.548335465489413,-8.145999587550563
-3.232456790840182,-6.371551498313343
-4.8091717403566525,2.881661435893093
-10.93937287850089,-4.331246518314372
-2.4811440180635955,-21.3842891024186
10.711883047452227,17.12336854715179
14.130276446853438,11.842882327759424
-6.1962684866390685,-10.426319868848031
-8.771976275871955,-11.47393833616828
2.469284083280332,4.388587599029444
8.376761208508064,6.296617271274976
8.638258440251692,13.048506747823284
-0.7182852110145035,-1.3212629397898774
4.4887882536931984,7.3801480182554355
8.266986423114368,9.374485353287078
10.14094099667619,8.196367412786946
-6.95330331168088,-6.307854519418042
-5.204164238316937,9.266909059074452
5.3828026247342295,9.26882008364843
-9.59930325167825,-8.993161374319023
-10.598245834226397,-11.540572153692583
-10.243190661207745,-16.782241791620233
-15.249949958642247,-19.222607136218965
-4.434450918020858,-6.88326439446219
-8.747201417818625,-5.536522976233928
-1.808940631707732,19.92290558528392
6.487519477562359,7.7386756229131235
3.435386010312233,6.151317063585092
-9.10973910426309,-12.915750441201206
-12.54631409536434,-14.947664129991152
10.6278519153838,10.41071318042795
1.8644559721545464,0.4216629688622085
8.513318896570176,10.862800967658789
10.36533759258037,12.724380697015835
6.506102139157244,9.65015473804834
14.64832960491452,22.572738733657665
3.36992754445943,-2.525759175145499
-8.710023291550316,-10.492646469922756
-6.857634374406911,-8.863981009520685
1.0373919374689895,2.014547231777494
2.684990386264565,-0.0642593874876412
9.244308640888384,15.661851045747753
-3.136287086440929,-5.0273770874022
-9.893152936919284,-7.202971925856687
-6.993044534955106,-5.322084432674238
-7.931074422405318,-13.420698357585255
-1.6189256088592163,-2.7168547988482783
-6.098678423163857,-7.061398170108362
5.514085815824504,7.766968843636436
8.588517236639259,7.603442881963967
7.413924232680084,9.50455256646644
10.054191942354665,9.517427704684213
0.7885040442338114,4.668435214043364
5.211999361798042,10.44339480961148
3.5010078798816253,-13.836820066417848
6.551786204909244,4.419626904938623
-11.06071530670743,-20.6647076506904
-16.576145875617563,-14.749580901891887
-7.682200579186761,-10.10917601502384
-10.64825413051051,-14.441022496764305
-11.476523175358356,4.076494451493383
-9.609242229240566,-11.4959772869703
8.983215310787898,11.341335958327054
6.258278451360729,12.484805305209164
5.185035456391704,3.3024136003810884
-20.539445940070166,-14.339279184184008
-2.30994957883866,9.958348946791467
-6.956252407589423,-11.830362481668896
-2.808609941126349,-13.897212641217132
8.34270506822767,10.2845894967131
6.209321270142103,5.811482738283739
-4.924213613309124,-7.800472420747584
13.95042606617578,13.958575251272642
3.4789441873548688,3.968569186075133
-10.823282762696294,-9.92782021169177
-19.29941258889293,-4.598875715330687
-9.48456680617951,-7.9362880445112225
4.831924116304011,9.314448383447106
-3.860275732334814,-7.627465814093191
7.614338496721527,-19.29516547423376
-6.007811204716966,-5.599237566815169
7.178460153533885,13.20542159679074
10.47664943584242,3.187330960787701
7.374281526760038,9.112199095728831
3.850354541693144,7.054179570995351
1.6243441097483189,-3.011233353428775
2.0736251908574794,1.8090771133728365
-20.2917961960576,-21.530044916120463
12.97636667244615,21.336181334788
10.379402802083463,14.95775297796892
7.958357176648238,9.880096634545394
10.14770994420556,11.377587907666172
7.994778013580454,7.082822432567374
11.389664376056674,-8.450192667920783
2.537428611690599,19.87815074761901
10.42183495878467,9.017365148242268
-6.060341498274992,-12.073041075363586
-7.583461540351035,-11.614351477385489
6.7382866795319085,9.229071858907751
5.441254786043281,6.527648582015551
7.625104752935799,4.019603750133161
2.14677074332424,3.759337443104697
-11.696944544482967,-12.62769753837862
8.383852442185256,15.271588578717546
11.840880677688686,14.40579608567271
8.97160050454084,17.497204930532316
7.699088405767597,15.046199066708803
-14.137159447030829,-19.70111200508792
-9.617747606463588,-2.3890262878560256
-9.2682867485211,-13.949290629324114
-8.209972107541358,-6.691831443385848
6.507507723861553,10.91663005006697
-14.18366730040888,-14.70971490658674
-9.348480937306384,-17.90965278431161
-8.960012167116243,-10.022179586680954
-10.074300258716466,-12.339027192715823
-12.025626894288791,-6.594356815349275
-4.683020886587968,16.073045228646755
21.050092718829312,16.368143987478668
7.479009649751807,-11.189661952111171
-6.374859150617936,-8.78873526956281
3.560064712828008,5.711043253374505
-5.380166626005352,-4.185998517519289
-2.101803419809259,6.243742043940439
9.105184805928769,5.441866101857335
7.487686927775715,8.150929049025022
3.1797337273038604,0.982491773987745
6.583410063188902,0.7166270168267641
-14.67658470934291,-7.400337825074768
-12.79379500741948,-8.952954441766046
-4.9204476226929525,-4.986329373641516
-6.20623303866733,-9.453717963431458
-5.500964244440995,-7.68530973716117
-1.9147990770455168,-3.719954592733931
-0.080746677501356,-2.302832001331672
-0.8426976203086133,-4.716980416803563
4.9969344540955465,7.582691262740332
1.7523771402698576,3.4664333354965744
11.304135142234571,19.68256128418186
8.387077922623146,13.946877783919378
-0.7795188087982882,0.5706111345251889
-17.10188109049469,-16.650044847174033
0.514979849961843,2.9912470317167985
-12.981513775504023,-23.328018733858485
10.337674678745069,12.173340680007868
10.9517152404319,7.883566299405895
10.562147836815983,7.840389608742065
-6.699308309460725,-12.808687058220745
-11.170940148890493,-15.937304254487248
2.2324377025304685,-21.33547090043985
-8.813075664042595,-10.80876342225343
0.7400320314905003,1.4151196902973648
-10.330320079062709,-8.144484368345593
6.176076528617596,6.793507989635459
9.75202627989834,7.363971867117719
-8.365919649988008,7.442857408367345
-4.431841912155964,-7.33146871076301
10.882769959302532,16.338812127125017
9.093915160725794,12.62307141873058
10.58442416839263,9.771478120352826
4.019250356206762,8.03389428919974
4.7811692821244165,6.361907156986332
-4.023257468858338,-6.079224714670939
-5.359319788309973,-9.071358238166678
-8.38877889055802,-11.993579959083368
9.117502419787217,10.98990781578337
6.419585439500982,8.430936866820158
-17.136776589290974,-26.47209011872016
7.057855908635855,12.193639874831153
7.832049899437354,10.15012958841502
0.1437101262873659,10.01404696408343
10.502969785654496,16.4899208854954
6.005573038876281,19.1232672705118
10.987453298419217,11.840988544840878
14.845442341726075,-2.433447486620944
-10.867492299813328,-10.646444614228155
8.730641317806173,10.07851034805932
9.946839094820572,9.00068434811859
1.2288277414544622,0.6043035213485777
-0.4074348743867666,-0.6927417011404571
-9.355116734706764,-6.315540150266065
-7.8608883088017025,-15.29885145132511
-6.857781610105852,-4.120345461919713
-6.7287322009120025,-6.907891715751688
-12.98588855353223,-12.100704282537846
2.909552891557683,4.618338200905698
10.669310025852448,11.305315820397889
13.672797623034636,9.053041349563424
-9.252461687480547,-12.10606447032705
-6.261773034934596,-20.577660458553027
2.982195103244142,8.167471368057244
5.705481838976072,8.887510409719052
1.46833054616278,2.888563516698168
-8.472705546610749,-9.735802876935368
4.492135324426541,-2.7328129115192885
9.752289376040183,0.7321026271895508
6.12535434491512,4.385912827737884
-1.6175541796076032,-4.662391082639124
-11.151576270755564,-14.88888089020634
-3.6043125731653856,-2.1218337471833943
-9.066547927224804,-9.88771209543694
-7.617915056103737,-6.311793319556868
-6.935626242467452,-11.298690316969978
0.0334422906217306,-14.176818868118666
-7.247093158197487,-9.422630263143857
-9.31236868793122,-10.688224190120778
1.4360303358859492,2.174117603555876
5.947927011755733,7.749401942762328
3.925132375208461,6.194841264313237
6.415249033825472,9.085814316825685
15.554423158784768,8.493931005409134
11.655959598368089,11.464321789629595
10.351288789884563,7.488540025763103
-11.210737977292569,-12.05741488848542
-12.589105395620711,-19.86006902470817
-2.296060581404116,-12.99261327394458
6.341887553124668,9.988649608921689
7.393250305372853,7.865433417387162
3.75027152758231,0.8975825261900616
-1.3647728844252052,-2.6137842528345496
-7.808239057367957,-12.696131261720256
-5.011767271877373,-7.457752134695485
-1.6056387905061271,-7.541074941394995
-2.7101142648135697,-5.32182689494663
9.912980487451774,12.036451443918244
8.683665600047997,9.53510874495119
8.085012701874914,13.881492396942264
4.620316306788826,8.399413674072704
-13.026584102289704,-14.234345977032634
-5.026330481144505,-13.391219622725602
-6.167635567280956,-10.007588943213436
9.817053171476978,15.145637110604753
8.422001711823674,11.78156895633428
7.579702626674869,9.472975376541712
-0.8730499312557499,-2.2830919914656973
-11.967555493622974,13.689479933794653
-0.006749213610566,0.2553062210700428
1.4037495706554586,3.033962622923
-8.089192872892237,-11.658532474274248
-7.258903701429666,-8.993460013433006
-6.291222372552758,-7.576787837236033
-9.23078076086723,-9.239984672113833
-5.0016711895312085,-8.857781711695207
-5.025128718459881,-5.861172020214141
-8.105065729501685,-4.902576037088443
20.11370297255918,6.39750888229943
6.849005422424786,5.46455575076834
11.243034001356886,14.473635960144916
-11.149749607724589,-18.34652854720521
11.072506854872504,18.634200341529496
-10.620607439399956,-20.695243274174405
7.898571471077221,9.62498675959558
-7.473797915995856,-9.177546932621013
-11.018931124434372,-11.834864454038607
-5.037713337343986,-10.317606413585397
-6.844009838064977,-6.023179314056736
3.493552373913154,5.437792471504351
-12.367786549434856,-13.813011009925283
14.123109912440787,10.80972671449903
6.592786056942728,-10.67360052044554
9.202897850642486,13.085162267906302
7.2094613937290575,6.26029562303417
-3.982126372726692,11.940358216110631
-5.541425099142096,-7.774012423146465
-10.325447935637802,-7.398043451819532
-9.424050722127362,-10.263282407978044
16.41218669285433,21.814870224683336
-0.768016466842883,-1.5372120432713898
-0.4064852233744289,2.4631503804594863
-17.168512051989264,-28.99968395674984
11.463124804703313,5.413834254856129
-8.313943905016414,-9.978556841742297
-9.512451474431,-14.040881150254164
-7.708887903727441,-6.3725544173035615
-11.00300351809382,-9.599878648428696
16.02255229847386,3.347229976037741
-2.3224196292590014,-11.905022919670804
-9.489463177623772,-11.662758766263648
-5.042957639390788,-6.015959355653134
-2.181565548490006,-4.559730408174651
2.5810518749226588,3.26609996633488
-7.147414921107659,-10.723007733665264
-8.039432239113898,0.6583828552623796
-8.606744615905,-17.47329840282741
-15.825206377005012,-1.0295086624883387
-8.785867714851754,-9.909525688044887
8.932012496595547,15.761874154325987
-6.955745994266308,-7.001552917975725
5.734659831543208,6.267449869847095
1.995641119407301,-0.8108971111490373
-10.549813239464791,-10.796200624621306
9.40616641336358,11.338194054087294
5.526488565143103,12.46342130054563
-5.605865651440521,-3.229637755998678
-7.691927163600831,-8.307910349730955
-5.959607024445254,-8.726419558962107
-8.25565081533417,-8.768082363805682
-7.655618948625468,-7.270636260432969
16.325801146796014,14.09331303187691
8.515356205122142,24.43698512086173
6.930176356303379,7.785746196381764
-11.339970990323437,-15.79519778143903
-7.387807596774533,-13.266693942738645
-9.128037633775556,-9.247967285515667
4.099935360698001,7.196141040888724
6.814270601744395,11.814807668919466
12.792864819814366,14.581423738267436
-7.6415797709400355,-9.858887345551658
11.69968198827006,22.45530608303936
-9.480889419951955,-8.30207879325916
-11.94882314419553,-7.891679429991941
-4.844575178164192,-7.16253567547602
-13.911692448665452,-22.2122976867471
-5.376097444739774,-4.973859208606784
-6.859413594836362,-9.379872022069502
-8.609671194001328,-10.788757678035186
-3.546290296141363,-6.2642710675396085
-10.418137409595632,-15.027305313234644
-9.796900212823056,-9.890884964959476
13.487487833986638,-2.9863566954512155
12.584845552203902,20.33234207420727
1.8529760252607832,-11.319247398378732
-11.12735444367954,-10.505599815750944
-5.847373600774124,-12.131333551917123
-8.36365151514387,-4.731457938616368
-7.382345437588658,-6.53526570917316
-8.641397399720933,-6.9464364165600205
-8.63920080338374,-12.3691438296704
4.226020745136959,25.67269804506288
6.088009375914732,3.966670868578072
-0.6751623015879707,0.3446264854745061
-8.811128179605443,-9.329694084324476
12.397243534395791,7.726649885933396
9.307087506707871,4.053477546132615
-8.563584865967355,-15.222575776772484
8.61742123081641,10.576064037188994
-8.346277770811534,-9.42354745486535
-7.199313859678974,21.9368398721734
-1.3720831133084994,23.84335051880502
2.468408150545562,4.214152114151535
17.492723399220132,19.78188766508312
13.460433272852438,5.9630986070592
-8.08357781595063,-8.483446349513375
10.297984828141637,17.79897350547697
-10.777277103323364,-8.518131264895556
-10.361067659904728,-8.902067053991994
-13.993543724543928,-13.936936627251647
-9.924122295351747,-11.944556004800386
-14.86474602976808,-26.514664644207016
-7.930655524658285,-11.049017883369048
-9.657935462317123,-8.77270525049128
-12.866066834101677,5.48286014745499
-11.368242625338072,-3.425193962857956
-5.994876252690403,-3.97913846067654
-4.352549463043113,-5.20485999640817
-9.174050407426916,-10.032341087305491
-6.424310378771635,-8.87642568927809
6.623218384877152,9.350019750378497
-10.644476849790134,-18.595131234866315
3.66974203648408,12.953474679779196
-7.179496773766266,-8.651002484914219
-8.9608179147533,-7.363715339591472
-0.0901116686154695,-0.1759038141583548
-1.3345612544717496,-2.707651561743204
-0.0764894641294243,-0.1091145103510083
10.21867772113351,13.177220900619952
8.09858802073474,13.542711402468228
-1.4083854068505626,-1.2391016967725164
-4.46957453196192,-4.096830401708505
-7.826954491762732,-7.97775860627039
-8.65235754733542,-8.191114670016967
-5.308167277626557,-7.244132370938026
4.719176496736146,8.345313647270892
-0.7814686594671194,-11.310041716536992
-1.1488916637758586,2.563140538231289
-8.004535105563374,-9.551579102828574
-11.18211779035522,-11.302035867002688
-8.195825436407434,-10.265054224376904
-8.468472868518715,-9.043153505361143
0.167441897392354,2.3849476338189963
17.03942515461819,15.28221181906102
16.59947523825105,6.688967731421665
-13.54662905223798,-14.974346736533738
-13.5439705585107,-9.115763203946956
-10.53833097253856,-9.652014409369404
-10.931532748790836,-9.427382744075263
-9.082462519986503,-11.320249443729232
-5.821724392219496,-10.655042621222822
-5.98794256394297,-8.05936922187914
10.273787329479225,5.440288215622466
-4.161573801186406,-8.542271481974307
-4.238940287341363,-11.525439237792591
6.274518358998851,10.540881772181235
7.690077586144544,6.420999702062514
-5.032319560690598,-6.708787389863697
-7.007372025919049,-4.6185557099341175
-8.302405203088751,-6.591023678557451
-5.130620072352152,-3.275697046452132
8.402278046820202,-8.718853473646394
-10.821363279919046,-10.121693707589008
-12.635534606354843,-23.781591723421016
9.817987368443069,-2.673323818597728
3.139508741465075,-11.904285108850262
-2.5177949727235944,-7.460823368753543
14.239685630122548,19.6906001066087
7.379356925951892,9.83818878667192
9.187412697081438,15.173772590569229
12.99352346248856,10.012123822024725
-8.98167305439251,-13.19590399776302
-6.806740853079606,-8.856940061893528
-7.578622410986968,-7.3508969503027055
-2.839942121662691,-5.826804380109858
-5.295649797513176,-5.29792693147774
-5.0316718009234105,-7.580438292016837
-8.554327996400438,-11.901035163062868
5.17281038115355,6.434187063159264
9.627600082987742,6.769083816229206
9.792571941508324,11.57699009610706
7.871123298095897,10.582203748116344
6.014330628568125,-0.3714929279847806
3.354348526093622,1.4934378560431667
1.498799511232923,2.478588181729364
8.61664632408391,10.821281618406628
8.413339388099986,11.327022462492009
-17.828079164623446,-11.815766415278585
-7.62617635892637,-7.748206789972794
-11.137394401354811,-5.920984974160364
2.17096912193495,3.6581642649880095
-17.700800268720048,-8.322830810144868
-21.565413924699808,-6.975192131795664
-9.47983046074932,-7.010157171375935
-7.011950695476235,-6.694370302257393
-4.523011569716124,-5.752221216217856
-12.656831441532942,-12.909669174532183
-13.982222305085472,-11.790963572211608
-9.195744321980325,-16.43940696102938
-6.093691952592268,-12.420341832522135
10.209732462764658,17.061772678821203
-12.707398988132791,-11.557083260328314
9.009149792090929,10.994232898454184
-9.055559489296954,-5.352462178320006
-9.26507066646463,-9.91271417036129
-8.736055375890247,-8.62550905024953
-7.815123800826856,-8.57855122388
-13.612483635812373,-10.757158790415124
-9.824519243066613,-14.198216195103257
-7.814547719320887,-9.720936304753616
-10.681429365453038,-9.312254427455942
-9.245127294613397,-7.82358039531291
7.589358401828095,9.135423748073729
5.087804560600773,4.334048971182292
17.557135526186613,12.7688340865088
17.518942895238037,10.036989911417155
-12.23460772680537,-20.62003133610578
-7.085726208680409,-0.2164325049041577
-7.537172527680123,-4.888170018874756
-6.694691737425767,-8.403046570993153
-6.663442407829704,-9.820273439969318
-8.038556632176922,-7.297381148451442
-7.2854606251097245,-8.283547083708442
-8.524553387004758,-9.692715778208596
15.879303523812194,9.751363184511714
-10.719702514393262,-11.27188737404322
-8.445734364819494,-7.804883540031309
14.617373736885172,0.3493283926274646
-6.973032834713825,-7.414404905850475
-6.936061407994212,-8.153238236854481
-1.556163134262395,-2.262888502022545
-1.3523035642783583,0.605134448957963
-9.931567263369551,-2.904550552596672
-10.722378544160795,-8.570854721964192
-1.9426981923239384,-3.968420590418247
-19.53474643294138,-29.085728547266022
-7.630287629183559,-6.113625683979592
-7.600851255085986,-8.056230797660213
-0.5603176232824665,-1.1504935530996028
-0.1642984441466504,-0.3063596424539098
-3.4737552276465493,-9.963794466668563
-1.378781967560017,-7.773466163873139
9.604715553694216,12.674526390890689
3.882400393431393,6.200967325119806
-9.492924330507764,-11.789496215618698
-9.719513256374102,-10.106448038618876
-7.919756634669181,-8.132971761184175
-8.699081296524486,-9.259315711929268
-7.668587654841756,-7.488402505734808
-8.358137125028472,-8.909815842479684
1.2536256769114118,13.33420747477475
-13.047713510577893,16.194284743916697
9.216356021107362,8.041034386165812
11.76376466803363,-5.04366843803351
-10.344910380748969,-18.395508371315177
9.800457949136336,11.907884936759302
11.7284495057102,21.962028231212457
7.772013480479122,8.30537587795684
12.211411571032135,14.963071842361574
-17.45211492377289,-18.34505103306289
5.739201042281204,10.793776743988204
4.889028143345688,6.952359079441072
-4.131149545433879,-6.780923512982829
-7.112272623896158,-5.573954627190753
7.900735241522019,9.608384733435091
3.133177980682092,-19.395218227747325
-11.262075051644691,-14.972024556966456
10.795972131856637,8.809088891062741
-1.9056481773058,-4.115100123469235
-9.15703224531222,8.06808869626948
5.845133804221452,8.977724924700132
20.73494082798508,11.097921555863582
-5.277211449933947,-9.367672576855233
7.39774143735467,11.60557844532794
3.4518327154818094,5.708289728172052
-3.753458943916561,-3.163868036396736
-11.181641498683222,-8.7661456169755
-8.453345939081725,-13.19291550265486
13.140357067547894,11.800872434269472
9.092810898985617,13.663395631503196
9.451355033998944,10.031515003025534
-3.280702203423777,-5.251282650306748
-7.952814258503561,-19.913294869730592
6.2066397842709495,-7.99782247594354
-14.262893942185723,-16.69779888327959
10.80023137508886,17.668696057555444
6.8131625282706665,6.56869924101534
-6.619129722953675,-7.947001086252213
-2.500241096978935,11.24140715383297
15.95210827227156,26.646848754847408
-6.470689159842718,-9.656197821509496
5.671802073998223,8.007562084549038
10.79964890509623,10.906139340101914
-3.217386268386599,2.763041374488116
7.293984324394401,10.415076117084244
-6.1237610750902345,-3.240081581541588
-12.146475028734782,-10.03653421109231
-9.892089609814736,-16.742016818964526
3.903124118019858,6.539626593661662
10.075094253699346,7.688247407742159
0.0595061151883749,-3.617660270108163
-7.590461713044346,-11.904882843231242
7.19806965001809,4.343515195113943
10.794496590913488,15.581891512821247
6.750116182622604,12.652208627016025
0.1864780950491422,0.245445241814974
-1.5970878187405717,-9.073571311424027
14.007855578027206,15.250364488005724
-9.371896109172818,-14.592473864710378
12.53572922268516,-8.283846383643578
-16.58923888651133,-20.903619072819136
-12.444118950446722,3.991314575225789
-4.69506514011585,-20.983810732054405
-4.207175597058263,-4.679515369875914
-4.576390289097615,-8.080496093279278
-3.0416314841612904,7.881989453554014
0.874026444044598,0.5657026356947541
-8.25527274047,-6.241212559155142
-11.955029978862209,-16.302660496529754
7.54004836927901,14.67213124710667
2.6167312192709,5.11369878311649
9.892608574035169,19.071813232410328
8.344882195674275,9.296373379478512
7.756620162980711,7.408508448840224
-9.997690641409203,-10.151378166673394
-6.095303675318204,-10.841422236578204
-12.248292509854297,-19.9926842451858
0.997400572569288,8.25314045239959
4.243332489159041,7.555337754336118
12.643438287739023,4.811845078165015
6.181415045354107,8.535014092953064
13.77516525081065,24.6598803581152
3.3886711193000174,5.240653887799595
10.059637302435949,13.79734660638967
8.23836204504944,12.51060631473032
-5.449136334468346,-8.442363615876157
-11.990374415013973,-2.124741191010062
6.61368808160577,10.088946164865034
4.625868825677196,5.775457865946329
8.428839537700824,10.722976728541228
10.882936085714617,11.820017841901867
13.441917166776992,16.271609223028058
-3.674818292800371,-5.956474555967909
11.040695390184707,9.817079098544358
-14.749874930404498,-15.103865782792177
6.123391418826962,4.011932150011273
8.966464944844542,17.206632776400063
-14.848868884123798,-11.80295631748192
-10.042682825423586,-11.053031236767012
-2.667786710264344,-4.510654977288788
0.7867005852147332,-2.0719114099571034
9.866068069274972,6.67837945527643
5.120564453351873,7.876752556583621
-2.0272260256077543,-3.3157469273264306
9.782219452622446,14.744893137720306
6.531901333884026,9.600159805798125
11.781264303335268,16.60660563333215
19.130384762850856,14.615057206838095
13.08533430524698,13.360448116751558
4.437546980707683,-4.001196775287446
3.6690893249596392,-0.741365706696902
-6.35812751802443,1.3961977462054276
8.887666975868905,11.19690015676152
9.538869372690646,8.802227108432621
7.595172612566436,9.12298575734435
-16.893935437340506,-8.081312062862633
-6.684511012339319,-11.338272216485729
5.002351039124714,4.704690294600939
-4.555526416288272,-7.601259465541091
12.94030926150585,9.963656573774086
-5.034555999570616,-19.083365783847
-9.50587238246431,-12.189924597260696
12.53230515159922,19.51169382903192
4.43575741005566,8.74260110479664
4.855786633731023,6.379984165850075
6.376679410098005,10.964892154923431
7.784381935968828,6.421584931047558
3.0652395375074413,4.998205427379281
7.837406790707004,11.66617807747976
1.3152443011929325,5.974799447922343
1.5678354369641934,3.0064156064178054
12.149366801769345,14.59405475719084
-9.505181429999492,-1.8280846892002047
-9.276819986703464,-5.036746732287722
-15.951524363134158,-18.51915540038944
5.7612427512548745,9.900402414872596
5.301694330564764,7.474762270222826
-6.194233399682143,-6.5817237725717375
-6.819209750354931,-10.675469563802004
-1.3922921366409278,6.168196462194482
-4.43439616583098,-3.600658264327573
1.924911298733392,3.44938648614081
1.3351289830880062,4.714361296091188
0.2480885531834462,11.33923581554211
20.505776444459386,16.363313866299237
9.192368108815234,7.977997698134346
19.67728392882736,7.240701589613874
7.138160172747879,9.207810537559434
10.123257254113536,3.307490053851927
11.12914757764958,10.686886640325216
3.9813337577811936,5.937104613527857
8.242265139904633,10.090882121546626
6.323888499961084,12.404687846550711
7.320503491465504,0.8312674117598318
-10.754773264872131,-18.22236948978295
-10.49379058032032,-12.669984148772748
-11.800515164389362,-17.044407381657916
8.293645475704674,16.28846096735714
-9.36939653734072,-7.689031262499451
0.427116340711629,0.7865298232794595
10.161184484134084,15.367933443659243
3.716037383285041,7.314637517138136
-14.239686370795422,-8.361297471256037
3.648269301610858,-3.635892894980085
-10.21214912296378,1.811152689936526
-1.704083652910962,-3.580321580597261
1.0022205073843111,-3.711351453595371
0.9672107361833278,4.249396606292956
2.593213947322996,4.757415379707894
9.222368489929426,-5.856275038362961
-2.3530522930031745,-3.9267243793090194
14.222739771107872,15.742301073073392
-6.884703995613382,-8.500518027895382
8.21913760620371,7.557001919948968
5.783599880290248,7.772675705609541
17.754115270007745,23.289604879318112
20.954299091388883,19.85750777436984
-7.768271431452568,-3.749327641476664
8.932757948544728,9.892852255232462
-5.2762224293105,-8.834665574374174
8.603161048061555,12.751631381490984
6.126640172187844,9.258776517202676
9.349513612047428,11.60423529749198
2.2471553305388143,5.8915017222508
2.116873710104476,3.3982467016186804
11.51970372391521,14.668019113185888
-6.363116897293375,-5.7445966226385305
12.54645570835339,21.60591089766196
-5.712008056995879,10.34682674308884
-11.724486865206288,-7.133789215868509
4.889938769278624,8.334373897550782
-6.259377212429156,-9.86564203244478
-10.050399251570353,-6.182502927235913
7.145553028266845,10.604821840467642
-4.652174102934658,2.5217650698056366
-9.853516656512168,-8.82100528088846
-7.844317956425892,-18.08317622337011
7.814414652582212,4.732689639761604
5.5036434245664125,10.42596462946829
18.86121319186982,20.20707104677501
10.413308543169617,11.560367504000151
0.5704640473243023,-0.1845542003830245
-14.5192673182199,-16.485047644655545
-10.244752507692272,-9.773222562472574
-14.820673100882034,-12.603688641032948
-14.054372420068526,-14.064452745038787
-12.004064952709044,-12.716115332837727
-7.7407865958167505,-13.005016105361872
18.09105636878673,27.1417511212868
6.62523787813737,4.140580748789779
19.901195319286742,25.16671417979744
11.202534276039115,16.415733269676846
9.313483291716263,13.044253345314686
5.367969660768527,4.1604402007039125
5.207825682859259,6.463325914703521
-3.607281331221858,-3.87662147601146
9.12459272238339,-0.1148573453566341
6.770406127453293,7.076111105126608
-4.732065207162254,-2.5401428868882503
-0.8456771156318861,8.369711325373984
9.164778425225926,14.146808719766712
6.652134854873898,9.366385127271082
1.8995736115965849,4.560510057350854
9.511621497598604,15.954670885049886
-4.301643551621793,-5.16105128791278
0.9011135471231686,-9.185654846364535
-4.877165777698777,-8.525544762972121
-8.010476892919,-10.345388497264208
18.807536973560776,0.2105549236170034
4.269108064185822,6.195819904306357
15.981131035295991,-1.2458780277581756
8.37181410141941,-12.888640395020325
7.878685959974665,8.545278738916014
9.063784300457126,5.982580612189124
7.807631572296323,11.19360054435959
0.7307279579268366,2.515892448418068
0.4989990372251952,0.9303841579932428
8.949494026679057,7.571631591800384
14.035061955619373,14.923774599874228
8.611988536233032,10.551246115368082
0.8495764615663126,1.1931103964327825
7.539436944112706,12.934512720652872
-15.58396843007167,-13.503991287149535
-8.06084733574357,0.7765458987580005
0.4704509001217714,4.793841314952945
5.297126149003856,10.430937903789998
1.2734029787346757,-2.9833863162570027
11.070352436952067,11.364328140439625
8.839846304079662,13.55171204679358
5.446513581475477,7.765850237997975
-11.477025735453775,-10.000104551600998
-12.737780224490791,-6.229269937654713
-11.33656805807112,-15.86203805999781
-9.837917780789978,-16.195418894505462
-3.036360363669232,-5.20127624030118
1.9365817553347164,3.840581309591709
3.3551262134064874,5.53060073511036
8.425737941503712,5.2905519452721
3.5716280040395665,7.911652266585245
-11.221203842523924,-17.79646667183095
-0.4939566413344423,-21.49949913524148
-1.3615468901137788,-4.0820533260738845
4.15356314432762,7.786049825793993
5.388283662264072,8.32758106605361
-15.007765710131734,-19.4986233583638
-8.667544863359245,-14.519409450512908
-12.241662058456455,-16.30045103906365
-16.34322662529784,-11.84456721170277
-9.968759200392704,-12.853029131787023
9.170247433781554,11.469892382139546
-6.328637478594937,-8.523298100904155
11.237029689433438,13.774145964282328
4.14846519533643,6.58357832533526
-3.5362252447782327,-4.806355889869406
7.891681231469933,9.279478180879918
-7.409259338844617,-14.216841993669258
-10.14253551067614,-9.748806211160456
2.7202777516749888,3.0860498992288643
16.707232873022132,27.39808772735257
-8.329648689061083,-3.629334260544303
-11.31298528562282,-20.19272016142956
6.307504439867038,7.803796450904163
-4.780454640544771,-7.654633040431718
13.112109435939798,-8.613485580725783
-6.392731534925313,-11.018162504197258
3.5557000504900413,17.821927380124055
-19.34785375472633,-22.661920757919685
-8.577508071748593,2.3884577699274705
12.449126440500695,15.34908424527067
7.892426680004879,7.689023309513846
-3.731458685367291,-7.213909670102394
-2.48870764794056,-3.678480009285239
5.838238954632794,5.589221595551372
8.900948764288701,5.143362637752091
-8.770775869809546,-16.61632229222429
-8.21476750598782,-11.05992199897526
-11.517984235762054,-13.107703266261138
-0.3149917688077324,-2.444351626607785
2.854621712272797,5.367789985204319
-2.752615419736624,-1.2057222912097434
-11.15575651593338,-7.608795786963164
10.076280627336184,12.12250962496146
-4.49500830784296,17.490523842543
8.908418064710807,15.039754701382948
-2.1716229051842344,-2.8336350819148177
-11.489654902629646,-18.26501330346633
11.632131783234303,8.757435302406542
12.850473360468024,19.68775238267192
7.199430762317951,8.779439023765505
8.602682354475142,10.110977326797618
7.765995201094512,11.389837242040448
5.022366110606416,3.2722297104083253
-14.035508615422684,-23.97085302352265
4.026885538323515,-0.6830324294054825
-5.843622498886365,-7.949925851927976
-5.051621112674922,-9.575193263423811
-0.7010656022504989,5.8723723873459335
15.329055238285596,5.433384729181371
7.00694233357992,-5.590411056537915
-3.9168658898303232,-6.755142209229209
5.241285686203545,8.924208503867495
3.3572553668591016,6.353829388009576
10.831407536102413,12.10136710444128
10.595082724441909,15.222120969197814
8.848051699568988,8.62202281744836
6.572438731285995,7.334336727343127
0.4561919259034519,-0.1691807466715329
0.1325063454723734,0.1374170528186382
-12.844726582796982,-15.647474906036177
0.9454676304922606,-2.6099849168326243
-15.247743776913858,-11.32674442730541
12.833771415397,13.822486103364907
21.31030524498246,17.824000309299457
3.956570171089196,7.523780391627829
-3.256281782968351,-8.628500230313572
-9.891411973267113,-10.67297307960794
-8.263453474027157,-15.421099634331886
-5.9563355428247,-11.279745458735023
-10.598063690012816,-0.4952855986916962
-7.849981247956427,-9.507890153125077
-20.010667155365,-17.234126823951744
7.515432414607462,9.3284765384054
-3.1940745259037167,-3.4016721538367585
14.22428542577424,23.67502680710503
18.06332387913077,-3.602489185876351
-9.295233961335878,14.705894306128709
7.414422289937088,12.277333927006
10.134685392045236,16.77834397660269
6.461180765504861,9.503983541546416
-6.285116766932437,-21.479089934981776
-7.317817728779702,-12.589397103485824
8.490763609283698,12.387019816716675
-1.1215041779619284,-6.992383853143198
-9.694982706088105,-17.78499560376169
8.958598423666745,9.64338193751183
5.908263163873524,6.736864751275248
1.022056846776351,16.16341821769585
-9.153803502170048,-4.414342507561354
2.21511145285417,2.0336268001929394
-4.285835833388959,5.43673474874775
11.463122608623932,7.568479138029696
6.043212842661399,8.894621951071771
7.925697349356745,8.31737142580752
8.558009960269695,6.188965171759139
6.408945516416844,17.050860801369208
-2.7266621202094954,-4.199054753178122
4.670012215196923,8.904755494689436
19.105650770044114,21.33080849087487
20.613044257845857,7.864442364270436
-3.8023503275026567,-5.467979421907019
6.645938955036589,11.050969014203616
-17.888986372817445,-25.183323282361865
-10.202888692716265,6.254531636902686
1.3125267828319198,9.235783281441032
1.238243620990502,-0.503067240585605
-3.172701772204209,9.177833175095492
0.1957869517754222,0.3408087606187704
11.975202628595044,10.25984840179134
12.489335839740948,7.346833503555567
7.016528199102863,9.655267452738556
-16.070461711806512,-7.841585318314348
8.553233882008074,9.190409055175076
9.20770721047788,10.670978959742827
9.717910571878129,4.303772646325324
10.738207620778358,13.34864866974912
1.855680114420838,-2.69538230522205
8.275253363340173,-19.711795067000992
-6.317797154947721,-5.41898010169004
-4.898049836223951,-8.356096147823607
4.819019336223271,-8.448762870704057
-9.531036161060332,-12.333745486658474
-10.545613186671568,-13.188700089004024
-17.378452054466678,-15.168996877061495
-6.244853827019023,-12.066881386146994
-2.2361015142967213,-1.638997376465544
7.805001977477329,13.322082413644711
9.848071605088643,9.526815346098122
10.50351710657276,9.075966928461511
12.329562054556096,23.017838629609088
10.218007070950511,7.487812687594411
-11.015894927900012,-16.7951701000812
5.151610022787752,8.404748658121779
7.213555826975949,7.640656688996892
0.489241477279636,0.9331341123371372
3.997956109420928,5.871987587034606
0.6136219956687876,5.784937598073701
-14.989946098849025,-20.52403676917928
-14.42468643310808,-2.313253329461393
-6.783985582131619,4.331304997136972
10.360647955974432,14.110997640821877
11.68734751772188,13.12991298741659
3.123596177259067,6.467712401430082
-2.325464344465873,5.796529366610997
-4.287043626679066,-8.109931056658345
-7.154139466794612,-8.934386363281527
-2.661735338291804,-5.096613860421985
-11.659217332221354,-9.141913250781483
-4.427116159602384,-0.9669969043175776
-4.498850571801076,-6.938575860183955
10.719156273132157,-4.082118972480185
0.9655619834313804,0.153922888230421
10.036126856482298,14.736845562879104
14.467217369566692,25.66729488684389
1.3815401399467573,2.747387042598067
6.033904654591115,3.2514711024067644
13.759865196239554,15.216225608682707
12.404842094129934,16.278917568142628
9.562204312969136,12.555923308578883
15.364920807261084,8.747080888723152
9.671968194279293,5.95818494404173
3.280313784791349,1.1076077316809354
-9.77097512182599,-15.33308921014088
-9.134847969214706,-10.571470778677796
7.193548452832086,5.889387987673863
6.478433261636166,6.326602650842197
4.118721299893389,8.800793010757904
0.0744059217299571,-2.1613910985180333
3.721900892616812,5.71060768140455
10.48552642686124,12.214931973067094
9.212719890496418,8.505045285789702
8.280922158649009,10.453754912610648
7.516063519937324,10.75027934112934
-1.4501291731142985,-2.583163720651826
-1.357130600635603,-2.5837082352923773
2.67784367727194,-22.128287981070223
9.46903934216397,15.356801432218544
13.388092464356562,13.704692008918482
-9.323911400542304,-20.152628910979008
-11.07423056713806,-13.29299891025803
-7.021017526006765,-13.23319726610873
-5.923362406314175,-10.4138676268627
-8.080829322696799,-5.921221114769607
10.08807739568219,14.242007200232123
15.882779741656236,16.265152366910815
9.76816283250842,10.90587400057374
-3.643128328605704,-6.862704818972514
2.8971780825537423,9.004894169251978
-6.38431490341338,4.304398030402039
-13.208948978072875,1.8213524487101909
-15.217039228552505,3.920555092058805
8.139036386616386,1.3253940131847766
4.806393164971701,6.94868190323553
2.27549763897006,6.5159903304150975
-12.108698105487395,-21.74275065516384
3.127207891602879,-1.2165974797500785
7.392559604922446,9.788445411214038
5.802237749854557,9.561531791652746
5.658185194981439,9.673163047598552
5.516960871095426,10.521724648756411
-15.535690729857912,-3.901981970932732
-0.7025947827442685,9.373013045136672
8.766990432606683,-13.74164239859712
14.217929164908805,20.352128596319773
-9.098102335148322,-11.875837590131717
12.032662523755707,18.942596343887583
-9.262045074135433,-10.7521850173982
11.434472708464243,12.896963078847929
-10.434551260177871,-13.48883510632914
-5.822353483803395,-8.380045092409246
4.641117972035542,8.149169364993844
-8.036553864453046,-7.658304216892524
-2.280478104036284,-10.748259306553567
8.195644799886578,14.354355831529412
-8.506770727033041,-9.254005319587533
-10.54176146296243,-8.040567166203363
-2.618359159765552,-4.347306000760595
3.0072210240753314,3.9321460855962895
6.404644239166789,7.786994209333338
-7.594683012077874,-11.327076721128371
-14.98144230603099,-12.605923621464695
-7.511167383629893,11.382286570637506
12.206462486650173,10.37852245236928
17.483065037154415,13.698776635110026
9.871781533593207,4.792926626865031
-4.168192161252313,-6.6174115599736885
9.771055016650845,12.700983073084348
-7.425801606859168,-9.560031179233995
-18.72527395326717,-24.916759413105503
-8.00098801591936,-4.382569450199181
9.082825787867828,7.0003103857812325
4.443665250047766,6.598262757599757
15.264943263173588,21.53146293514012
11.057606985022076,13.55162569101034
9.09596704742656,-7.759603733583571
-10.245131038210005,-16.371260337739475
-2.342948836873714,18.77588436773388
-4.513228656857328,-3.902854290511494
8.661182870619161,11.649128561964837
11.221240261606011,7.00989188113228
7.605806516098964,2.944118684162775
10.732199263273348,15.619562608680354
-9.054941100346696,-8.194649682896092
-5.57477574384596,-10.884828686716798
-6.019444840410928,-5.419138266997848
-8.341161753887974,-12.417110237562968
-10.823315114697085,-11.93392933440978
-9.085079773466235,-9.65971623029064
-12.898986090131842,-22.947135055957503
-14.919425875688331,-15.22950802740162
-7.014515532300463,-9.07094590509399
-4.609764071322456,-8.328571238076552
-7.62777630684231,-6.825385361668364
2.583452872926455,-10.86658952606823
5.511225162080854,7.605643841314037
7.189857779799707,9.890728871877863
10.136179776678722,10.320165387630272
7.992000595040334,12.257196005949323
16.277138020178356,16.245787997709094
10.679602673468578,17.44490192490423
-8.55037458220929,-14.490893715766068
-3.397991956647677,-6.111955029446397
5.342728250627203,9.432133735799631
-8.755300151453993,-11.079866341030185
-5.388624704304564,-7.557268601798721
-11.026156989170651,-20.39030249397661
11.514181853856734,9.048072967034171
-10.186252383007735,-10.548868714008735
-11.238430754695928,-13.267740266532536
-20.207275803386,-14.362583365391684
-7.827967442529928,-9.011037386614234
-6.9246505531000055,-10.274812847989349
5.2766192010396535,18.2227356619586
14.12488966678264,18.94860119837736
2.9281426063342857,6.794977934172154
5.6978122248923455,6.031999815711424
6.78461371797164,9.093910273374114
8.362226192442535,11.035614457418465
5.067426546351125,1.940980376632812
5.181631241258014,-1.1942286994674376
-0.3596040120753442,-3.165723459883308
-11.555225206294542,-16.92667095898927
-16.24949103050214,-22.852669853181336
-9.791003488641111,-13.008742346324905
-9.393473555142128,-7.3826769557564385
-8.016802034153176,-8.50806939396195
-14.60826141475754,-6.291484796584626
-9.993348587324352,-8.691500243564978
9.412474572495912,15.74811507735924
-6.333891805524566,-9.287685543401764
7.399253077678551,11.71796126286146
-8.60760136701584,-10.275779792238906
-7.487779242452205,-12.80075594123763
11.870735903753406,13.469257516881765
9.390972036053018,12.25610983322203
3.682792202053223,5.527512720161369
2.26940864668768,2.8324723363606514
-2.2502151363546328,-1.9475638958966848
-1.9851813132453024,-3.7996243496404944
-4.590404129497999,6.801699508068985
-3.921378467857707,-6.061239742460109
8.856010552247573,3.516751922978
13.995268315698985,2.910482239643021
12.55038125576831,5.045317053274129
11.86854477595741,11.480722843176382
4.874584751558164,7.2898704149680595
-11.4703568981159,-17.74806300776944
-5.775066678192488,-7.925659169885248
-8.085260874455047,-5.798505530861771
-4.680768144010752,-9.150806143186788
-6.238632788818763,-9.886407249531509
-7.186081234751157,17.029580754636058
11.72697078254098,12.377700163267008
11.464922068951749,7.952477637130426
-9.388256164751548,-15.286929983472287
4.004874843807855,8.489356988229563
6.521274461614089,9.997598699907195
6.045802605882835,6.777531535652919
11.937035996889032,9.576466357202612
5.78228157411494,5.387208027156522
7.740119936600989,10.369595975732157
-8.95399950502047,-3.853274090359079
-11.144654199933438,-10.921387746505763
-5.987497657626228,-3.390401770733682
-15.90966349936962,-16.512631925167877
10.795419144548802,18.1761133738798
-8.455186885984562,-13.317578353677176
-9.350390854213636,-17.729221528998718
-14.908615883296974,-24.99664960095781
11.403735435897278,13.738737775177915
10.29307864716617,6.0604845342973785
-13.300124929872338,-15.55806214461479
-19.03833731578713,-5.132163510936518
-6.636786332420128,-12.899534120048568
-6.178153941614298,-7.4675635366898065
-2.939002164286052,-5.23395112609418
-4.725355357649022,-7.56906109522103
-1.612368365762041,0.4330924222029203
7.162768607913074,1.8843939575603388
6.349260497411454,8.52602660021238
-8.516385634512535,-11.65681780725918
-10.241780390336231,-9.853730621264855
7.865842493223443,17.250767376855222
8.845039677222132,13.447074122930577
3.945054904603561,2.078066419011409
-0.3782063022434521,13.425361927457423
3.0958455240234874,5.270929222548486
-11.32833168804779,7.757489834041697
-11.911583539907532,-12.353178649820729
-8.231778032317559,-8.891366582244046
-13.793650988862854,-20.217506029511902
11.382206888949051,13.20563646716503
-0.1065556068724822,-10.97616809269149
-10.025027415525775,-14.506983013507533
-9.193755613773272,-8.499683046640396
-9.425500011087353,-5.953519922294212
-8.29683388573243,-10.589165214340236
-4.658036040996588,-6.849981010342674
8.927846453230647,12.129535461081732
10.837078999300171,13.670361182285705
12.31549215372175,11.77034381836386
-3.974034344539741,-10.43044599642483
-10.17607643756943,-12.975836815265842
-10.164170436521957,-9.310061190533933
3.714467303671838,-8.63952545007784
5.59939827715611,8.383342973680518
8.225577940313963,6.012540345761576
-3.268399621809216,-2.0622224528203086
-0.6721673964845782,-1.1824349852239655
-2.967792206950635,8.876226074158714
-6.655420105108934,-5.093065594616175
2.887764242639744,3.485048149817682
-7.8637710280686814,-7.781218740037463
6.637884044432246,5.268710443262791
-14.506338569117732,-9.235204492366009
-9.488859371430031,-10.789902340465323
9.298173621542515,8.450375639355187
-0.9400469689062428,2.1905098873271505
7.216539309272711,11.093845738110828
9.76544656636382,14.599210050911456
-9.353389134293137,-9.057352927077137
14.730921217411204,20.28530347083538
3.530862263728487,6.085125825656612
9.37167524454824,3.881835556543197
13.8092336177067,18.45082802161288
-16.92622262682914,-25.921479259019275
-9.732978918572478,-8.03545210142073
9.6092078061643,10.772632259676156
11.957992461844544,12.054984671641945
-6.067656362119346,-8.656171569371244
5.764649743056161,6.451814843283311
-3.4393997545751827,-5.8492933209878055
-1.2221233771072968,-5.824929633579447
5.816748040292096,2.070140570587245
-6.475882356546367,-10.772195225580203
-6.611868579837523,-8.62510334215222
7.019049994283003,8.999954898093092
4.901771272692196,8.38990629501177
-13.751712372820828,-14.439309361539284
-10.114098447713603,-12.063319865007555
-5.864606053406073,-6.476545718657927
-8.526054633205137,-8.043712904785595
-4.011495983388606,2.2177083363743115
-3.645942612507124,-5.520391425478567
-8.267973906013186,-9.966111211026464
-1.2240537690849762,-4.0240994521613125
-4.431580760480146,-7.00724033616032
-7.929352530476241,-10.537907169678109
-2.551030681845308,-4.490888094049024
16.694461092393976,13.489081442072411
-7.816257884163577,-6.87384999755724
-13.452111753767388,-5.5292687093072965
5.704320627997086,7.795891571616053
6.160609347661689,10.89799340380251
8.262994714715132,11.159550921507131
3.5716572074851305,2.2755316920717696
-7.627909805736392,-5.471199215213324
3.160806899432425,1.5549569567410102
-6.585359403569726,-9.447051677161705
-7.889335889945816,-15.194610711284918
9.96399959548682,12.724415576506022
5.959459585683304,6.00030033809967
-10.471149928446591,-15.891526317686342
-12.629514356833488,-17.577545073580954
-12.171941495124017,-14.867399874030054
-10.041522603610616,-6.961409640994296
-7.569327581839119,-11.998624102566332
7.504506874324964,10.138420733708642
8.89690384543772,11.690226466421343
11.017941903099285,13.10059592992409
1.8808178040478047,18.85982478900705
1.2436687529219017,-8.931748321722639
11.78483047174416,9.875216867377691
16.05338516232966,8.588168068670553
11.977390903804023,10.978181496481268
9.258772008888297,12.33639267326132
17.34032470961364,18.05402634731752
-14.644802314823403,-22.66824589321708
15.526364651854106,7.87088297107849
-7.252916613101719,-7.021442149081002
-13.48452230992733,-20.1119124960296
11.685310425668366,19.254396084833846
-9.73372594281881,-11.093049884204744
9.197396042919728,10.179968193980123
-6.705758529754975,-9.89072807198882
-8.672133543043811,-8.924262800027998
11.323617793137004,13.435290111026688
-3.3451214682687627,-5.501862998057396
7.567436500506042,13.34824766159858
3.3561245526751216,5.755172657245455
-1.4781849694217577,-10.834838972990678
17.32149083415505,11.255169190174476
-5.038956023046536,-7.375803584250801
7.693776682021688,9.349375355471958
-7.95375926712393,-14.40511557896563
9.474355999916686,6.260130019143546
1.8118178602028263,2.9552734538714938
-8.175836333723154,-9.524422743013153
7.112658540813282,10.381072855154546
-9.418703645755436,-8.960403536844119
16.061795803823777,21.146932189309386
-8.16039368013089,-7.088613541137579
-5.559400170509399,-4.56294588149902
-8.772865343380102,-10.418416256385338
9.392875457636928,12.101513071023216
8.723598732724549,15.225075915343774
7.543262985670754,-9.127221188343652
-7.3915470213323955,-8.10297495049248
1.3187483566297753,13.281859365520368
5.604460302760842,7.738305301373775
-5.873815268767099,-9.957577153347332
-6.265843508147762,-7.560526708505482
-4.205951683265184,-2.687293657205294
14.035897324011696,14.299088255442127
11.40598697514904,9.070920675486478
-1.056629319967621,-5.089127019318025
3.057559226160504,0.5337739146595863
8.21502362922442,6.599736499650208
10.023894169248392,17.168164479044876
-17.64133979569182,-8.085484108411254
-11.700533412219505,-14.45051241273049
-6.8861343677288405,-2.344033240991364
-9.561494009167054,-12.17380281505926
-7.911974666775543,-8.227911822796754
7.618589937637889,11.906590383860868
6.825023054397198,8.829009517229402
-8.570142484816612,-7.336807826406368
2.5987203548827287,4.342389413267905
-6.827647787057709,-12.458205187388817
-10.605856552762582,-17.514974160329697
-18.09731699994668,-19.50983741902894
-3.776469774226489,-6.291745723094889
-13.79415098778732,-11.28766388891022
-6.752031109994869,5.167060808980097
-4.866155669695601,-8.278507467762724
17.559365778425192,16.36999105707448
8.280586848402512,-0.615297251123736
6.225235492633256,3.691053166392259
-10.266120521901923,-9.045966606963738
13.903601614508108,-1.0253602874307726
-9.225986406353968,-7.14618622511643
-7.302064331213292,-9.58519837747394
9.731516392911724,9.747171375911378
10.415677974065488,15.595016061840022
5.679853888886518,10.058723328346495
-5.2298890356760594,12.51150689025375
10.680794629720216,11.766555010864153
-3.3098626386558205,-4.622083704735886
-4.786515532097616,-10.223014215445028
-1.2448860151042496,2.2393236340483544
-10.083955770345495,-12.530713293467995
-15.69379474676839,-15.514224599701588
-8.452076860361595,-10.056019275454132
-10.439205234229906,-10.269259892704518
11.021490718892055,7.006095522639274
-2.1368130077726115,-2.7421329634601195
3.813292774750913,8.587295060773949
5.887861396513679,6.765789170565298
3.835934173589188,6.652080942477954
-6.658293228614999,-4.431950788794209
3.354795628501229,3.860864124993008
1.1301076902024247,4.299301335203138
-8.5237188013706,-9.12212975660265
-9.248264838877038,-8.673460449317108
-15.617823380353933,-22.91521238342952
-8.729209352585363,-8.580734697647637
-7.07879379127764,-6.954627547252695
-7.86261822475284,-7.827276761714838
-8.12648337042646,-7.61223353360202
-18.379821083763133,-14.687414643406564
-10.586478987981604,-15.895761085007509
4.209166150867873,-10.676003045502492
14.49883643965855,19.386492647893814
7.305301649569304,6.104257215866727
8.462890031998013,9.778795667295888
6.887417737685553,7.886990964812092
-2.7871347751430813,-4.92192626106689
6.092057386722829,8.48813423414459
-7.147691148099453,-7.735024076371834
6.724956085188041,11.882577909088036
8.476190026882485,13.164674938338289
9.53115212315292,10.677916458886898
12.520135789228377,12.83235514425149
-4.187448865634831,-7.062768033496961
-11.709849401420096,-9.494005924177642
-12.364543840294996,-5.84828551441923
-9.87860428321886,-8.426835996407995
-7.758691140465421,-9.454260460114144
-8.39109706839742,-7.879658595665253
-10.491621283894926,-13.571479520589229
-6.156688178635853,-5.348409409206948
-2.065972671993901,-2.091553934353195
-1.929567585766566,-0.345779746534291
11.533328820372304,4.775770361939655
16.108226505358935,5.085102051104792
-9.3347956699088,-9.7478463048625
-3.603486665203679,-3.5391866242996874
2.856507269746991,6.2305710570276345
4.648331841711679,5.275029363873202
-9.6449815097694,5.746860323130653
-15.730168658235709,-0.8139285003948711
-3.2011480742966416,-10.74168327860329
-6.927590148947287,-11.043545303279844
-8.57373727346206,-11.691061737670022
-9.46343966650821,-9.23975956274434
-6.690567645683146,-9.748051073333878
-5.85652791716131,-10.7121272666433
-8.77968165339176,-6.21785085004662
-8.26024266648579,-3.914631662349821
-11.000883411073628,-12.66624152134217
-10.405216165924829,-9.709737945810303
1.1380660808580465,-4.135935502062781
0.7924823437484833,-1.3993945465004425
7.33858416693629,8.832854266033936
4.992226593143598,8.78861567219673
6.847196101223146,10.704165283296865
10.48989220028731,8.231238067905824
-7.427438689950002,-8.448841347062823
-11.047260424137567,-14.31362536454725
-13.599308174373451,-14.98980791919112
-16.753813888577017,-13.386806331874832
-16.740259216378046,-17.692239016000652
6.75220741517965,9.412870239876757
-5.86042629320368,-7.577972990920726
-7.100084245573725,-9.843041811841488
-7.946037652332227,-6.95053040132531
5.2527675280512325,7.011231401599277
-7.462470387851391,-5.412196286648866
-3.902465448310764,-5.911996609261456
9.182049905591626,11.291798469966322
6.646898702922332,6.514358387551931
11.180703410386936,14.107605256498283
-2.6593099178208504,-4.076238876738199
-9.461969265730309,-9.46932126961982
-10.974929948032957,-6.298389739488316
-10.005590731095996,-11.10364134210661
0.8980133648300721,6.405129971021026
-8.00066607342044,-11.983064157215775
-8.761860042443,-9.585487785944691
10.91780923412033,-5.9549220081275465
17.51474494963331,15.587722332439265
-7.342752438201744,-9.69758113144644
13.26277667966381,5.890398343564216
10.753966078693372,17.113118453974906
12.134427151442749,16.286593634180587
5.134676416235607,8.45530694539344
-8.711699026916271,-8.42962210230765
1.2321323115937997,-11.13541173456576
-11.987680074276003,-19.096978258671346
-14.399783504868129,-8.329681526816376
-9.126671158318183,-9.646774901254748
4.843218055784913,-4.802522217057004
-1.198535980184334,-1.520837074116539
15.17565442205924,14.790482745273
17.0788230809209,19.25843242448296
14.703645177180007,21.494398310398864
-9.587561817066376,-10.798014397976246
-6.691122168479598,-5.185834567944397
0.4010699055693292,2.0086961192736985
-8.010669048615718,-7.668961106374753
-1.6816098504900978,13.320181185109268
-8.06020036159355,-8.584442077326527
9.720814274334892,15.144956708258237
-8.380847852433458,-7.278576990920613
7.766341403681535,11.387255003285157
2.947454166559764,4.990806097136553
10.934685843174728,12.911641372210449
-7.423353575596691,-6.639310926476703
-7.07695019837031,-7.430654947016026
-7.892133819578442,-7.744555845450431
-9.119667912029952,-4.822541684309147
-9.41740579689954,-9.640223141053376
-9.653704882539587,0.8483277479564926
10.938973715216529,7.68591260339649
10.009147009399111,11.84390901541079
5.762673650440957,8.638708747415059
-8.72255939444065,-8.75580918516422
-1.386394146640988,-3.931437953651737
-7.168003025673185,-4.619454040382256
-3.5272143204910567,-2.027503004172086
-2.367946048995202,-0.1760537328520218
-6.393906909022714,7.823196608061323
4.384848370765014,6.44534605966464
-9.10197552598115,-10.727517001736544
-9.029151948943644,-11.690862250060697
-11.111300262580489,-8.518929931260896
-9.220568155800391,-9.791705726342434
-12.80796705860586,-12.291396420998668
8.440504792590186,13.978111750021556
11.21934546983355,15.79475387787954
7.445787240772677,12.419374999860224
2.2692638451348115,4.368077087409367
4.399163527366942,7.6989733603258195
4.987466221932186,3.887129843532497
10.2184116796415,5.459899223091748
-5.214666883815912,-5.4570966509594285
-5.58817969404899,-6.949412689822436
-3.5723068518718337,-5.223099834066485
-6.6160211923973,-9.898730791530896
-6.02914696591912,-8.963518098310022
-8.640251797386917,-8.228730798896148
-9.230691906905498,-9.61424941196322
-7.874174552204866,-9.25221633154225
-7.9301562688486,-9.158556593221372
-8.157568288297067,-9.38267862579188
-7.776306989070874,-7.888915799107617
8.488420118075277,11.800596136056487
16.110972549160646,12.78877487085498
-8.80117672257548,-7.783682118888448
-8.445553615581154,-9.876456405900504
-9.244030529492267,-16.50578629924417
-8.56671564694464,-9.309780999627804
-13.90163338730984,-17.70163712553785
10.951664125340836,15.069640595543412
12.521389270499265,15.520968315489547
8.9725095675939,10.096941944223044
6.345969289657454,8.741238113356172
6.871882211238696,6.169044397130357
6.652188714410021,7.099590659842466
-7.921883450691229,-8.413464877611004
-6.617632915221551,-9.029889566982424
11.451545591620397,16.558397660053675
-10.196375703773588,-17.973816999370918
9.08871348349883,9.198611210116972
-9.763038269008486,-11.119609588427418
6.1560264877490845,8.750785066022582
-4.683294589892847,-8.915485131616041
13.517932953455356,13.464365925248536
-15.613525866836856,-24.918757599752915
8.818242471392319,10.988200901419413
-6.326727286817336,-4.768702333645853
10.439201789927743,11.870254615181718
3.5396346657254583,7.277198839958225
9.409192290013175,14.680039040545276
7.583026979530139,7.942949829268786
-1.7948915970388266,-3.279080734608548
10.738908533265,9.187017056114124
-6.529624511276097,-12.394457208939478
-6.29480842581435,-8.086483400491561
-3.112254724132522,-5.941662131545814
8.594480082289637,5.406303643011065
9.85109744404934,-9.94364151259402
-12.586314754617064,-13.678377541510429
8.002324302111274,9.835739598761846
6.601155418229248,12.156818668324584
5.375494113383633,7.148391113208513
0.6558471221093332,1.309424647926523
-10.831091509589555,-5.115905463636082
9.739636338141011,9.98784380643366
9.58871659733258,7.420540101418276
4.781171345379214,4.609128989651789
13.03892096748891,14.608081550163128
-8.555132972238669,-16.14624531880704
-11.78811259517988,-21.166084742809417
15.25615824164759,26.934718901851483
10.918879863557295,10.78403462273439
-6.082139388609418,-11.3248403168811
2.650397345536583,17.355161460826924
10.463361640119595,13.288349516970348
-2.059914356296749,-2.149792897920355
1.6083255952516398,7.769434820532762
6.674978203403784,9.648526358341885
9.130129210841002,18.156037529349387
-9.029430497623224,-6.950788362673807
-9.328277933857088,-12.57558901940245
-5.228344804004471,-5.029062437293304
-2.1514298963181777,0.8617147955877179
7.074850427030608,8.39692614009951
-6.94711614492239,-10.06068090442147
6.178237668054795,-22.60903651062016
-4.293606147440493,-7.26200738163471
9.972298130954188,11.76968548711221
-15.357431249688812,-21.004001305855738
-16.88167131079574,-12.996446528466358
8.69962624051054,9.398730413503948
7.912092359472057,11.482528963598885
4.527450841901879,5.193776891400976
10.4727006419234,15.028784977390638
21.76544658215451,15.392621816685416
9.361653585469654,8.088340154053673
9.103534838693983,10.126785790581376
-14.461371329514565,7.061277857969328
-12.414419106026727,-9.150799740426422
6.60464131718901,7.106289263455871
1.5622231509346838,2.5701816408118274
4.228585819955827,8.908484087612116
-0.0920284770626699,-2.245213044743312
6.775679293566406,6.387913898493117
7.813219112138855,13.271658840671202
2.360281685985128,-8.685283998261795
20.49088162906069,3.971155833567268
9.572455835001476,11.571667314765042
10.908051825457262,10.062335364495958
9.15508129814972,6.352075218849301
-6.354497722679081,11.085025641575584
-4.887286394279337,-8.357421887081141
16.653175541896054,15.211656652520896
-9.763597621287705,-13.74204205802331
7.670232455175365,9.330691689854913
12.994233758134149,24.30385617570137
5.730073513348609,7.875426110447131
4.9231632158301935,5.944024002466343
10.837585998537932,11.33533312509389
-7.569829096822206,-10.97915682723617
-11.625647786206212,-0.3159118235866236
-7.616063111067114,-5.057486400250659
7.264309302993909,10.503224585384649
7.818729693187114,6.252476435990996
-1.06946327014309,17.529839808255275
-7.238626482068885,-13.821158932917804
8.664281626524222,9.771518645479048
13.123665880954867,9.258906775284572
-2.2360034074065136,-1.6007851688233157
-1.0925114554412227,0.59437279145888
-5.554321061429142,-10.175306561792365
-5.631030975131119,-6.385588533999625
10.36409021508046,18.31427034994708
-10.6192124836958,-19.2871361909584
-10.220226186197625,-8.90146118817717
7.290944082420201,4.03661231536648
7.631995118259638,7.324383615408394
-2.6386964342486685,-5.006487883667935
3.0548921664936373,5.497303765431694
-17.69049052580946,-1.5448945443349906
8.93569547177186,8.304922123958518
11.800648783066936,15.281101495477609
21.32704209193526,23.519064543031497
7.584296618487459,15.313459580255175
8.611147077787098,12.48564002759928
8.24329034281113,9.265267843867582
9.489412985812436,10.225573098057042
-10.911953550269123,-14.259851593422052
-7.31651662775596,-12.612918977153566
3.882951488278916,1.1229747434875983
0.4207828323198042,-24.03756242974398
-10.32638177531984,9.02282287975988
10.62818255163896,11.675199786133817
9.721053901869984,9.35535665854177
8.44321327229418,10.480633774487686
-6.653143420749792,-8.771109183822311
2.607678077389416,12.15532122222005
-18.75055923637564,-7.909644995742735
-14.79104245950617,-23.33421094946928
-9.565794702471688,-16.109903804434474
-18.430370138414364,-16.559283241406902
-3.7018792530502456,-6.5793332683067085
6.463218007716148,9.415410647588184
3.2639539908076083,-2.486942058541689
-11.572844208104982,-7.705130344612372
1.6285362542525774,0.3620195228125858
9.411980903686096,6.04233327674822
-2.0917294245527707,-3.860614565902489
-6.360192153442849,0.2323393901008662
2.160905702724357,-13.811534692447536
4.2720670126741656,4.37641220878883
9.987684750532257,7.243621458317667
-8.251694642904999,-11.929013553436352
7.303485273689972,9.008398354464454
-17.474572213420068,-25.02438149279761
-12.367189113577677,-12.340437194831404
-5.561673644212828,-8.195868090187453
6.229162281805054,-1.689239742649149
13.650465359005242,22.19300117765542
16.36487176402102,10.814595978722537
11.022354029812815,14.982010810787878
6.317401537086657,3.861400574625028
-5.581313492839698,-9.612169326603109
-0.5226653905987984,-2.2094743117974662
0.5557335885442563,-0.97368814212938
2.8405474403078643,7.557343726205509
5.127335373157424,6.5218568841194005
-7.702591050808773,-14.509990263775228
-13.690835224919944,-20.404192056031484
6.796568327280842,7.510057681562594
4.906484823622908,9.48250000284386
-10.874616522864246,-17.8529822501558
7.0278959024937135,6.119526586715221
9.827642386305572,2.115211827718132
-8.783331003874087,13.588542236234442
9.158940143134137,13.824209766422856
17.59187037368837,28.388792328634064
11.954126242053782,20.43582182681109
9.563024668041452,8.556169255182457
0.5047543346235026,-1.7600251874906148
6.280401769427291,12.799876014728133
10.394112269715745,8.017127683231008
9.685941604427653,11.758021134181146
-10.2471245477242,-10.935767790847065
10.202425403255043,14.278767741576656
9.18445983310077,11.678429981306694
-14.04597097721652,-14.438701869108504
-6.675212277959084,-12.039862493003058
-3.969960639049791,-7.536630393265068
10.116568274237176,16.67202131952945
13.507219547813992,11.589451213518366
8.885729030315186,9.974758072209172
7.894715661932984,8.707533611295382
2.2971555321713755,4.028018369716772
4.746762874233728,4.989796129709444
7.513957394146209,4.376073045911893
-5.834875073126892,-4.417034136404196
5.439332908185533,13.893867662475216
-8.753191796830269,-10.531394398764684
-1.571997472929013,-2.730040395985496
-1.164582922512461,-1.438517211621999
1.163972940516055,1.6683063979164654
8.927116734662782,16.111984136751172
-5.348423595832294,9.3979587886412
6.846941716256003,11.67832869567026
-13.663707024705786,-23.412801235361133
-11.341296706433898,-14.954621038040576
-16.58237638824906,0.8287301702017578
8.150678554414545,6.490934248277387
7.928413708151505,11.881009866165996
-2.242549042692744,-4.223286000472367
1.263465737944404,-1.431325416169011
-0.5941097743097667,-1.038745423175885
0.0610667903993622,0.1241997571569775
0.0736933837508853,0.141565981373841
2.906882066285494,1.36943596642515
3.088379401229713,-0.0235741081951454
-16.49967615749879,-23.647954690678034
9.730994821279833,9.681290224230592
9.636645008261358,10.151601657659633
4.503531879747269,7.284440457034649
4.7524393289781,4.219790302584032
-8.305107269821344,-22.46398570931659
9.100262566633525,8.886462266329328
7.279975518775348,2.367990389294043
13.528448318930632,-4.858306055475823
-2.866593049828148,12.241250213170968
5.591350168594651,16.69437394911385
8.060623029670907,9.973574242787276
12.661276255175103,15.409225338095162
11.142885296417935,9.6665500052686
10.100357510378352,11.963349492774595
7.741918497390776,14.827026726107585
7.481134774515907,9.179641516632245
-3.234904879810545,-0.972048233119848
-5.6261601631036005,-5.249499043116445
-8.159416199962664,-5.583843485117918
5.821687859467099,9.311651776685189
7.212835878585087,10.79072502641718
8.810554523327596,7.19057567290476
-0.902599541316053,-1.596759790088956
10.996949724281984,10.71406521089284
-4.308956355852382,16.01162469649045
5.950643495912308,8.51351605493151
-8.348065285610978,-15.321868885862798
-13.097959721507538,-10.571490004407336
13.650932680629005,14.068535680242274
7.053656535690555,10.391575266755504
9.16890113535026,11.207313819219518
10.778457135412747,11.838340062213648
10.739139100042822,9.014004948407424
10.5955445978783,11.169434144332056
0.2498492424095289,-0.8880892280399151
8.150212196106834,4.825792688895555
7.863804203507229,-6.573862657153731
-15.0919079566746,-22.34632867486125
-8.98715842501127,-12.86935440639344
-13.043817838924952,-18.05458353038279
-7.076736573364296,-9.505754723423951
-7.132216484274037,-0.9826003500228868
-13.100155076558895,8.483965286865146
6.002495877036589,10.22472507313366
-6.623495211244602,-4.482522069554365
-6.38748465959238,-11.032644500410283
5.511941602208912,3.322758774186356
4.517206706355543,11.752389100509998
4.7605971628801385,5.406038294664
1.653302944072607,3.3732017761392727
7.555181402450676,6.295020475561536
-16.104626354329863,-7.760553097808201
-5.226996595898793,-5.798948845579658
1.1056946791952766,0.8753432527288494
-1.4010115334898443,-2.5639335189930463
10.319999554293,11.780389098035355
-11.751863962893053,-20.07177046597174
-10.590073631655091,-3.813889617281822
-8.732274524404287,-3.0253808548461447
-11.226715735175889,-13.851331889982635
-19.78086928994156,-18.15116252036024
-2.108959759689874,-1.863732742724252
-8.128577105136996,-11.39998113041529
-11.739793996088208,-5.991192173922624
-7.1306795742637545,-13.21760813099987
-5.7896836514758405,-7.44546880349584
-2.893769089867612,-4.808782701483798
4.976270831375037,-8.103674895574505
9.94065701292761,2.570493793448537
8.369007361441389,10.332063881076168
7.379288174160201,8.834009579236023
8.839447075109222,9.400321537363869
6.698126214551748,6.584152937379525
5.544301497312281,7.928004291030913
-1.0335823763100225,-13.85805012533817
2.1137747809377485,-2.505604749205508
4.9511510350808425,3.9575925045671294
5.826201344594331,3.81632571075812
-0.601822266090863,9.502346275721743
-4.250380945225155,7.333923767392624
-5.460566982859428,-1.0093142149668086
-3.8887525982731344,0.926634687067188
-1.2614248859188657,-0.842437089568997
-9.064070893402064,-16.839778844870747
4.503421148318714,4.354323162784798
8.24445869532366,9.61471197220447
7.722833893031154,7.268640019173576
12.537570098791052,6.058789228446966
12.36204633608063,7.044473121650151
-1.9110969654730137,-3.568357351571663
0.0517984302006791,-1.679142484011298
-2.4455064528227144,-4.554865216495453
-13.251372306582937,-12.48430938120595
-12.270289668322556,-19.373017451309497
-16.83536483598286,-17.066897210047255
-6.112557535375399,-11.742902268842832
-7.748142320967879,-13.890180590478542
-3.370451697460528,-6.367996405406844
-4.954495430609555,-8.925098968787301
10.994081722113275,15.261182043095191
10.990433720772929,11.457518016216463
8.129112800216085,7.366626161062425
11.62609328377665,13.843861548995916
-10.889505553024282,-18.971223313732757
15.740410491746104,20.33959329757376
-6.864255321444485,-8.91158600162385
5.385859163428094,8.444278597484786
1.7702897543065572,13.432191792500571
-11.366991879844257,-13.913219566914236
5.838125210617369,4.97009795397789
7.642738564421992,6.904484750584199
8.468198361182523,11.5409226132669
-6.943627789151055,-12.694626326812712
10.231300777372285,19.160185616220367
-18.419549806952556,-13.984289809176596
14.13754533748914,-9.160762854720014
-7.794715190389619,-4.020572973986096
-10.38376194188085,-10.919712922132232
-5.420785608049403,-5.586048921413731
-7.689301382085878,-10.577851787711918
7.207605460951868,11.960330237079162
10.079793711307843,10.450479906435891
7.888516987781406,9.32741537875034
-8.992622405694405,-13.891737507457176
-14.198299619041835,-22.472300919738174
-12.096245952886589,-8.891091117388267
4.523059196201729,-18.226405213846487
7.879172233797746,7.9308419601783875
-3.722966594001999,-6.239284518239566
-6.029887159774408,-7.573947345475425
6.1382465775330095,7.02004711106907
7.665307446635459,5.392651971002509
9.455148737503528,9.268104903044716
5.9975430502394325,9.480417033623397
-9.342421055551196,-11.72487690028526
10.37258536682927,15.810412161602418
-9.377323377671717,-8.56460362451721
8.39430101425248,9.762899588867723
9.297577345651604,6.896570147116543
7.266745788368225,7.291472996984099
7.808707434932208,13.07988333393492
12.41429148175159,11.488495806223089
9.33185301426609,8.670652794397796
-4.693996507965322,12.900949802181303
17.94043236630966,25.657665170422945
-9.240817008348346,0.0371833115759661
-1.542460141370788,0.9741517091513224
-8.093827496683387,-14.676370978223712
-6.528482584820617,-10.20445561175265
-7.091623606013046,-6.514504280202186
-8.206985601183463,-9.490365329832173
-5.948949348220697,-9.023782433885708
-11.922178941325166,-15.230753319130876
7.009380282270037,9.50964979522921
1.1724683986694568,3.9945264376015177
3.4227502025646066,5.588110611903426
-9.312602496009085,-5.584716575827954
12.0170777451419,21.800520931263303
9.231149175864353,10.5663993197312
-8.379885487480564,-10.770435367032706
15.431595715646548,14.3179632301841
8.675971949585481,9.388737357396106
4.255397020926436,-9.2487765850648
-1.2911365246721869,-4.697218573013029
6.784058603274649,4.886894357923631
4.850675971319154,7.526591931863853
-9.992230556658097,-14.693664154852362
10.148564105413069,9.690908167599432
15.208869218554058,10.954036128955556
3.4790495198497458,2.481706384641714
-11.198346343592595,-11.587293348903875
-1.1373559853096062,-1.3180551020910252
-4.816844500281769,3.809252638555592
-9.574140590671652,-11.256627821094831
-8.085984020227784,-12.61917594756089
7.978698664833405,8.365688987025965
-4.490961933110306,-6.646819846324704
4.10267016194536,13.011269090686518
9.71986954319883,12.473706309537883
11.243974578398284,8.271269936756891
-2.8243465983166067,-0.7066241783975116
0.154213925105095,2.7149971658676617
2.0093710702786587,3.4731393357566303
-4.379875106856827,-7.991285280074244
7.850232786185565,9.224983528657384
-17.236482468295765,-11.745561988737546
10.762684474017096,17.471233409786198
9.996025926834532,11.125166189605489
16.443540315458062,2.690465594186868
10.13774672648754,4.755215428981653
6.129016169680903,11.939887549661108
8.691233669146792,8.309491969640268
0.228223104476404,0.5299194794242
6.8591110561604,8.673904951749615
5.524955768444303,5.809517372225706
-10.542449467810863,-7.755794187335493
-7.621942225680664,-9.156147150922552
8.125182934679929,9.637010888575148
-17.28749303034384,-22.074090537197424
-2.4707467206490303,-5.533598416604144
-12.245918039727734,-13.1422594406647
7.267581520281397,6.6689448842325705
-7.263677190207024,-11.37521134031082
8.654381881428371,16.53897636114793
9.263936776935926,9.511354391830372
12.34854957295185,12.67725911695055
9.717048757773297,7.619691697164836
-11.1600312703741,-14.970769625129432
-6.338699196914612,-8.217335905003543
-5.619239713904874,-6.47079910519095
-5.404524365271677,-8.12664928001678
1.6708750065095257,2.9425484864703595
1.3299212199161146,2.493248814559668
7.498366562046746,9.104253818638822
-0.5152914093608603,9.811591058819676
-12.792904308241058,-20.30592249759271
16.49712495036859,16.87723714886214
2.506040499767669,-13.469774064150418
-12.459336703722194,-10.643882949544166
-8.919779138412704,-9.896697796894268
-3.8646025025844497,-9.162118681019535
-1.6419722887181942,4.215842745607484
5.368367427827634,9.01890545146424
-7.270376521134391,-10.1272735983011
15.883695652831747,8.265971548510112
-6.932933549753456,-7.376716161360149
3.353939776227595,4.365229053361122
20.2393359470575,17.854123773620238
-10.99060159491758,-2.241678662071411
-8.56702531197286,-4.705474704056657
-4.280775804659521,-7.432929256541572
9.417739970611766,8.988305188883379
-8.766662418305643,-12.663126427883856
-0.0268336858079143,-18.92646535471868
9.33017855182192,14.542212626858666
9.199612970292431,8.330634387240876
6.694117846916225,10.631142979147924
7.932253096434126,-2.8389676560622417
2.6480899112098992,4.695062113918412
5.7127207974308885,6.725603798401251
8.327224616902384,7.827548211769728
5.147176910037175,10.056373208255811
8.158150416177326,11.387905403242645
7.818025592076575,6.941590453803663
11.814265574518238,10.922511369177029
-11.405353232252285,-13.275924212078198
-2.220851552226301,-3.1538879738819774
16.763981080580976,22.701000033716845
9.408279016245702,10.961775669233624
-3.2505238619496755,-5.836941763089204
-5.674355581640566,-5.035973827259889
-4.91120649503593,-8.600434498146043
-9.548663372668416,-9.253870660758375
-10.986041520527436,-12.047565635853232
0.4558403887122301,1.3378177354218042
9.16281275834143,11.948096682628428
-11.876237417258253,-13.72464052960566
7.246592819232715,8.046620883948686
10.109822528763823,-9.378712819787914
-9.0083982241083,-7.802642206634751
-4.351939693927615,-0.7651864261675269
-2.327470007470944,1.6778800802452467
-6.763458033464791,2.969609632450321
-6.183436848178554,-9.20599894491104
7.640721778197446,9.985113527210018
6.667596475353543,8.942749599067076
4.182043476241477,6.849606525101964
2.5622005546785616,3.9157234571770583
11.585005354803828,12.603609291531722
-8.558313203391236,10.763270273738335
7.291190445676944,14.107147624434074
8.427548525458972,10.03606912671732
4.211429557381686,2.0850974178464914
8.028970869253897,5.874775827526051
11.645695327413463,18.807473237882803
7.0726317986822576,6.93111252041463
-1.1750072459359964,13.551477755276771
-8.216204439882837,-11.250200885625958
-9.504061265666031,-16.09803771934541
10.028650423048912,16.312965093297205
-11.455214985786924,-7.017580341385293
-6.754136688159163,-17.70918976492674
0.6663705732576083,2.673797427062742
2.1752478574046314,4.1782166870059445
-9.131323119402488,6.561495972650893
9.07879063598047,9.604168141481638
12.229132346645889,9.962084253940862
-5.5207046459159015,-6.013379985860765
9.936813552583436,10.651714346205477
-14.493458101282553,-15.748428564236011
-9.818912224498009,-12.065319933251676
-12.415212748498226,-14.033873666661426
-8.631426638293421,-14.9983601728998
17.029743304222908,15.073718911596334
-8.870858867260102,-13.424167634492976
-10.490952137931126,-10.531014103517704
-17.532497807397363,-7.143249434985146
-9.985118411715789,-6.622538833182264
-7.952204592762932,-6.648918823034459
-16.13829837238412,-5.792989205030387
-9.350843160636671,-9.638359552838182
-4.559410841532377,-6.016220710192408
8.817763902661603,7.652959177063173
-8.17428599927051,-10.032209365462128
-5.7895515921620895,-6.991229430223684
8.554000175331742,6.39799366719022
7.92514704642632,7.756536895528132
8.620762357434424,11.331014361969448
8.137946352333397,9.419719661928813
-9.910638036756287,-11.389881793105948
6.347484994815848,9.65696143208679
7.064049467890937,7.402766104532729
8.349734276286423,14.104908352601791
14.392733957601722,18.000432824311936
10.27063689646664,12.856684639274263
7.609060982772432,8.814919999838096
8.533122215484553,9.247370885989197
-11.504543365220416,-14.07505947936415
-9.282519972726076,-9.948219070976927
-2.9414427666582137,-4.723107540488376
1.5545622997281887,-9.681298694142086
8.749252645710643,10.40417550580559
-10.95265614370936,-8.901622764216874
-0.8114369512880989,-4.300177052008211
-7.127961691631464,-1.4615594535888676
8.993788810281915,9.813905260802883
7.194653860893294,5.394546043780002
8.048872364834532,7.696935322915912
5.919818897731692,7.244542237883899
3.5561976316543005,4.909520629278482
19.48387892713232,23.261164026758237
9.877965360194056,8.568548907232717
8.92693064798942,7.062278284701032
0.5605584187260195,-5.772105374503681
-5.837874495790254,0.8622547353668032
1.2233134088368725,-4.476679425514401
13.200255271137486,-0.8316596178892679
9.477883699047307,-15.296238815180589
9.33182944151133,-5.249747154097369
6.780769251646969,1.4880054967840133
5.438809049805911,2.0552311078224768
-1.358015256893021,2.8956314715334206
-1.499505358339361,-0.5540085046420933
-0.385592408303573,0.6263443634064358
-13.67731488376529,-20.54286470031685
-11.28191606907891,-14.420810820483402
-14.528468632716224,-10.78186471865406
-10.47359310284745,-15.132393749871616
-7.499059678180361,-13.160894478745664
-4.922133515753186,-7.334087763345646
7.537126526951301,8.373015194656121
-7.360734732507532,-10.731126395237707
5.655096273833005,9.012565399538287
-12.32477808499886,6.507546323039256
-6.3647573279813,-8.862247295297225
-6.563915965353699,-10.020672356279086
3.558227329235893,5.9062941452554245
-4.342683161412708,-5.426321562011052
-7.039886747108914,-3.5384113015551444
-10.567688056906595,-5.206376716743966
4.7854767143732655,0.8302434722847484
9.208841968138628,7.799285367392597
1.736880006455869,4.008569214089248
6.314606684240221,7.519941737205004
10.221853979388724,11.006326693343851
-4.65149911549234,10.164304808408394
-3.5277326549532115,-8.213922123885952
-9.15180224332904,-12.713747223534126
-5.660670308374312,-8.274503007395522
-13.99100843019959,-14.897340340023405
-9.508119837626245,-9.737409892733146
-7.273721457480358,-9.01482529848189
11.064828480774969,6.429419709337835
-10.82285655640191,-17.87931736367787
15.21057497925244,22.97760548589512
11.84456309433708,20.219399682266477
12.069646936820504,13.46416011747724
11.617013013631308,19.50735537930268
-9.881713091787761,-11.914354527764901
9.663273685293055,11.864475378117236
7.904804425277751,6.824942527716024
-8.840268966444599,-8.993550372344657
-12.85189553800131,-13.887344650233
3.416561557989565,5.3113452096188984
-7.408026156833288,-14.602831382145476
8.059342557425376,9.340836851405625
-3.5786632064129504,-6.030260601883261
7.592069858889371,13.563836074340688
-7.239301324321201,-9.311743372597647
0.8512999521650324,-4.198765176683042
-9.0745851491993,-5.565798805365219
-6.753267623782491,-6.909459757619059
-16.66073211998283,-26.819218193624828
5.216053575316692,7.31548392435937
10.013321608869418,8.458593536071938
2.467018604787264,2.4671844338768025
17.376487053673554,20.083349488826673
11.503752496532975,13.589970602248611
-2.8813591385961397,20.73641253113053
-7.0072317729377875,-11.10635931095965
0.4821413863962545,-12.083653257572156
-5.350472239151346,-7.944093228919707
-10.488364489899933,-10.08369128486188
-9.949263879930365,-15.941709989743853
10.250577450930603,16.75118462709684
5.4614608016057895,3.2463938311573353
-8.616160013067685,-7.474842348884631
-12.125753739711568,-9.178106327815678
9.412412663990423,9.2632566636319
-2.057996736300387,-4.05334694915674
-12.254028466407155,-15.860201967476499
-0.6399134680784113,-1.1986592415400694
13.774791755713505,14.983471616147977
-10.637590130263757,-11.970803221426106
-6.173441548167725,-8.9348575816047
11.630739786368425,8.275608250888663
8.582655225278298,19.097638533947386
6.135797846452245,10.32519089632525
-7.808259446783279,-10.459990292949715
-8.533891581196533,-13.329188300160904
6.965400510687437,8.307479508460522
3.7567741583552205,6.6623877610314
2.2075103982527917,3.670288511717734
-5.160102779389827,-10.293787021682661
8.109518194090153,12.171934660441671
-5.481892357760735,-5.955688461777882
-14.628322078153122,-24.204848358548542
-7.288548235370563,-6.614862408223203
10.382042909515722,13.352644530896802
-7.296282583526674,-8.225740404755468
10.28683893062003,10.665555240832003
5.408583795277171,9.044654051152543
-4.175147088936571,9.890352728466711
15.198166178055487,22.32006247199179
8.786423101979635,15.520711105840748
-10.217040776055946,-8.736259469074463
-12.485852352146857,-12.258771018097232
-8.92126749037755,-10.6096161624577
6.13388198875032,9.023796545318024
-14.590991229586173,-16.48009474283596
-6.67729517172703,-12.762789976707179
-3.0445377036351715,-5.017438595306174
-15.65422792028943,-4.679301610638002
-10.770684729078743,-13.836458886547286
-1.8947526890839834,-1.6543425221876622
0.49843430003516703,1.7230973255392874
8.61909960682483,9.3242889903219
2.8286833013134327,9.986334351106054
4.603463075452541,5.947561683689649
2.092286796911012,4.573468601844345
12.070790535902843,12.671141493934684
-9.307318586019354,-17.370255316175708
-9.867449346110801,-11.536306569120265
-6.435140830404404,-8.441192474491643
7.010131807412867,9.281297914762817
17.469715484892756,9.232117843608528
-1.3377920087371256,0.4935323550764491
-6.18368626795664,-4.679147848578475
6.973676456426846,11.751385122699663
-11.576906949739513,-16.78881173917406
-4.549376365507214,-6.898388083457769
-4.003008311898435,-11.523176355966788
18.027710379612415,15.237735906014121
5.665201922963572,20.252468434537207
4.479640413750067,6.786520621305991
2.7948424234035185,4.078887889195308
-1.754867023164861,-3.4479557505552556
-7.894394132723059,-14.959016399204536
-8.18235573100024,-11.248284940019087
11.55069888616385,18.277088059111584
-6.089671261822169,-10.584575067935639
4.782678919993747,7.912203296410871
-9.40749256222121,-6.467494320639987
-7.3363015942708065,8.469470932400373
10.50477361224997,12.183729075812991
8.40680565922866,9.942604765004592
9.024828926701943,8.051870555234096
-0.9512730209346199,-4.042863156163828
6.277393481698787,8.55260866406221
-2.800006692640084,-4.597085540110636
6.739251109002188,10.556322496915179
-5.311653040776974,-9.20174414600295
-7.059504592366906,-7.535289632259577
-9.15758761596101,-11.109878354676642
-12.440436085336932,-10.867024357210111
-7.341934060425038,-1.6861012175284236
-5.638032224497586,-4.193889596995403
-4.689674744302488,-3.864634202304331
-10.112690910300406,-13.402660004192093
3.5437611295971276,-11.764337586407239
7.2533826295225925,-2.13560963946121
16.23475306705977,4.152127787222222
13.60500798434817,21.570798952884758
10.708061275073996,15.283515864928058
-13.508437425869591,-14.805506132004892
-10.288241378983189,-12.034985135386023
-10.787747539750507,-4.525162588601648
7.442330813960482,9.091430444453266
7.220004928589351,6.831980531208244
-7.878485939686012,-6.782353294939546
-8.818618293016948,-8.225968900649258
-6.97755802008957,-6.347582221194314
-8.904938987143106,-15.32857680648302
-7.457648906131622,-10.412786242392015
-6.019623071419811,-8.09721186634278
-14.522437257218993,-21.11446758167038
-11.811675576219915,-14.823934829006681
-4.137154942439426,-6.1982620577783685
8.536324592525046,11.535068066080056
15.361097128113961,19.53904473617921
7.374395414313489,11.364378354982989
-7.709177520842671,-9.028413887242097
11.1468489377344,7.123822429770207
13.295739556942715,8.204974045518483
8.859581698831331,6.422397454877851
16.521540540018496,14.678892924336767
10.473878594251133,18.09632710919014
11.203456143948426,11.085919312693315
3.755417661284337,6.051776470430388
-2.8887242157784945,-5.48131469350841
-2.2183368129118053,-3.5755147214742515
-9.441061723022866,-11.644318566847343
-10.562049349955085,5.566689428466308
-3.259513932349641,16.994212599171785
5.6359396451252275,8.125651363250691
10.976163233791938,13.614109547497124
-2.0310175423974277,-11.890971389902468
-10.345520903383097,-10.938560249100176
-6.836351159221852,-8.851101984718596
-5.042996364752177,-7.659720496744234
0.919873389371277,-2.4959910635240345
4.219481968215938,7.510789113977973
2.8494935819852922,4.926052079967214
-1.2341343242709057,-7.915664659186699
1.7656761437314845,2.7600902602783224
10.997361849471421,9.276008446253503
-5.522185947108841,-5.225761514382784
17.91785954070418,16.33254851164097
-5.744769486619069,-6.941824238474388
-10.407429848892322,-9.455484484710436
-4.026250341089681,-7.714830525785703
-8.282892056817973,-10.310946271898548
-20.261085852156455,-23.49094322315621
4.304063500064892,4.06307188086108
8.918455003050603,12.027852812030005
-6.171356721068425,-9.664587076753012
6.061866948357652,9.448787751580333
-10.518360986225868,-20.011963381066135
-8.20434117483068,18.41056900634202
-6.744305725683298,-11.799898323067207
-9.923207892439672,-7.344631241347357
7.829870468154777,-5.927751884370533
8.239740195852738,9.276697327099019
6.551013817027647,4.908594332650235
-10.78773613121668,-16.20814099703467
-12.417081465193922,-22.833323330513164
-10.904232748496227,-11.695020614470772
6.644832021656034,16.083220976072553
-7.82705728054216,-12.380266780779904
-13.058985360447648,-12.64639470514773
-4.302030667366789,-8.59239122748198
2.4382216423657432,4.1520572553384465
-9.671875361137031,-2.6433055148294837
-8.387896480231074,-7.106912268547152
-11.995994649970102,-6.768739078137992
-6.967529082853986,-9.804683523301279
-5.869196437105018,-8.10312917002828
-8.68451287388978,-9.658754057992974
6.549580259799931,11.762028255247133
0.154124649963701,6.88545808160293
2.534926425357337,3.1858375320070644
-12.414127426777268,-14.602967982897477
7.8439406484835486,14.035433430135338
9.030587495456512,10.602997407861341
16.62254543684275,21.79208675499562
-16.565788947326404,-9.387444933917191
-10.47375266760315,-17.448277961883356
-3.439117881969372,-5.7801806012959025
-7.002248540427564,-4.790480917709029
-7.884398405915561,-9.876866660427625
-5.507041920712107,-11.131087874126134
17.600797334891535,10.770575995732706
13.455945138442686,6.299575652231276
13.81822801109226,-2.2681795712084307
10.595949267895193,-3.2344447308068878
10.884180465993072,2.648513903755317
6.235385457620502,1.6274747781939465
6.288942029875365,7.930862045805808
3.355648625512293,1.4443092937585382
9.082239204813906,16.040436152000037
12.087005585207923,10.343047506622456
8.872252004498588,9.290306890086999
7.857384109538541,9.163958191872485
-9.445366296106368,-12.781989367076559
-13.767851167096651,-13.300984914334506
-1.4011181719606884,-4.038932164762334
-10.692910266572353,-8.579767422495072
-7.75542424516008,-13.50299795507521
-3.609317863275775,6.722826017357143
-12.73033766658094,-9.058622583526754
-11.081656851682204,-14.746241091986874
3.2648052815816766,5.724649665449396
6.617326033061453,8.58135490481852
4.214689423113548,6.924411211259427
4.877743397368345,8.73599774265764
7.688832045765405,6.73519244360775
-9.182112086123514,-15.640314993521695
-10.25643221856792,-11.638135129453714
10.131301889784872,10.908987093960663
14.0165277278004,13.308509119845251
10.085538507229797,5.005399708689275
11.998368297238933,20.03156673278512
10.959713479272473,6.588838619059096
15.82219595663591,2.419880258106879
7.502665386584786,11.756587738592206
-5.566341191150589,-7.832750592496698
-10.78956351196156,-9.98915724611358
-20.130970196083283,-7.474489082347056
4.116772631316614,6.113742200227922
0.1604559188473429,-8.392602224809742
7.022958993729487,-10.373030326932312
-7.14961968207077,-6.2893113721647715
-13.459242658359145,1.0267238836611519
-9.268439969812412,1.5260144920227168
-8.688502899834088,-10.722255109299047
-2.4547539658314075,-4.624605215566843
-0.581517438271541,-0.45218577556188444
-0.7065857938366135,0.22713857826237513
-3.4086229835438635,-5.176471102368295
-6.851562860310519,-6.473572760988114
-4.718015450104089,-7.880299395340373
10.968085511373637,15.87727014113569
-6.015312998222641,-4.128909129597365
12.4886632461512,16.217635677054222
9.004294557079296,14.940235189086662
9.702375994309921,7.745934382858142
8.836909501814423,5.103706354855174
7.874587145485321,5.459753002802237
10.768193930180946,13.499933816513986
-7.45948366339772,-6.60480652326193
-10.286172566012992,-8.273190671726473
-9.25893722479358,-10.897715696841907
3.007684679873944,0.28707169798093746
3.3459615896155506,5.100524872016535
-16.543627334232205,-25.072181690856105
-12.975263166621023,-15.641134462863867
4.260213511271957,9.7112760971831
13.660105761774226,16.411257790335924
-17.59967397333604,3.336826666865184
-8.048676373383701,-10.072970624291257
